Target,Model,Percentile,Factor_Type,EF_lit,NEF_lit,EF_calc,NEF_calc,n,N,Ns,ns,PM,ROCE,CCR,REF,MCC,CKC,AUC_ROC,BEDROC
fen1,GlideSP†(3/15),0.1,NEF,,0.0,0.0,0.0,360,351078,352,0,0.0,0.0,0.499,0.0,-0.001,-0.001,0.584,0.038
fen1,GlideSP†(3/15),0.5,NEF,,2.17,0.228,2.221,360,351078,1756,4,0.69,2.224,0.503,1.111,0.003,0.002,0.584,0.038
fen1,GlideSP†(3/15),1.0,NEF,,2.17,0.228,2.222,360,351078,3511,8,0.69,2.225,0.506,2.222,0.004,0.002,0.584,0.038
fen1,GlideSP†(3/15),5.0,NEF,,4.13,0.422,4.111,360,351078,17554,74,0.805,4.124,0.578,20.556,0.023,0.006,0.584,0.038
fen1,IGN(DUD-E)†(3/15),0.1,NEF,,21.683,2.273,22.164,360,351078,352,8,0.958,22.656,0.511,2.273,0.021,0.021,0.668,0.088
fen1,IGN(DUD-E)†(3/15),0.5,NEF,,13.03,1.31,12.773,360,351078,1756,23,0.928,12.93,0.529,6.389,0.027,0.02,0.668,0.088
fen1,IGN(DUD-E)†(3/15),1.0,NEF,,8.69,0.883,8.611,360,351078,3511,31,0.897,8.678,0.538,8.611,0.025,0.014,0.668,0.088
fen1,IGN(DUD-E)†(3/15),5.0,NEF,,4.13,0.422,4.111,360,351078,17554,74,0.805,4.124,0.578,20.556,0.023,0.006,0.668,0.088
fen1,IGN(target-specific)†(3/15),0.1,NEF,,119.255,12.216,119.132,360,351078,352,43,0.993,135.571,0.559,12.216,0.12,0.12,0.882,0.295
fen1,IGN(target-specific)†(3/15),0.5,NEF,,41.29,4.214,41.097,360,351078,1756,74,0.977,42.861,0.6,20.556,0.091,0.068,0.882,0.295
fen1,IGN(target-specific)†(3/15),1.0,NEF,,30.424,3.133,30.554,360,351078,3511,110,0.969,31.51,0.648,30.556,0.095,0.055,0.882,0.295
fen1,IGN(target-specific)†(3/15),5.0,NEF,,10.651,1.094,10.667,360,351078,17554,192,0.915,10.774,0.742,53.333,0.071,0.019,0.882,0.295
fen1,RF-score-vs(target-specific)†(3/15),0.1,NEF,,65.048,6.534,63.722,360,351078,352,23,0.986,68.106,0.531,6.534,0.064,0.064,0.713,0.154
fen1,RF-score-vs(target-specific)†(3/15),0.5,NEF,,26.078,2.677,26.102,360,351078,1756,47,0.964,26.792,0.563,13.056,0.057,0.043,0.713,0.154
fen1,RF-score-vs(target-specific)†(3/15),1.0,NEF,,14.126,1.453,14.166,360,351078,3511,51,0.935,14.36,0.566,14.167,0.042,0.025,0.713,0.154
fen1,RF-score-vs(target-specific)†(3/15),5.0,NEF,,5.217,0.535,5.222,360,351078,17554,94,0.84,5.245,0.606,26.111,0.031,0.009,0.713,0.154
kat2a,GlideSP†(3/15),0.1,NEF,,0.0,0.0,0.0,194,342923,343,0,0.0,0.0,0.499,0.0,-0.001,-0.001,0.493,0.003
kat2a,GlideSP†(3/15),0.5,NEF,,0.0,0.0,0.0,194,342923,1715,0,0.0,0.0,0.497,0.0,-0.002,-0.001,0.493,0.003
kat2a,GlideSP†(3/15),1.0,NEF,,0.0,0.0,0.0,194,342923,3430,0,0.0,0.0,0.495,0.0,-0.002,-0.001,0.493,0.003
kat2a,GlideSP†(3/15),5.0,NEF,,0.83,0.047,0.825,194,342923,17147,8,0.452,0.825,0.496,4.124,-0.001,-0.0,0.493,0.003
kat2a,IGN(DUD-E)†(3/15),0.1,NEF,,41.196,2.332,41.228,194,342923,343,8,0.977,42.189,0.52,4.124,0.03,0.029,0.61,0.076
kat2a,IGN(DUD-E)†(3/15),0.5,NEF,,12.47,0.7,12.368,194,342923,1715,12,0.926,12.448,0.528,6.186,0.019,0.012,0.61,0.076
kat2a,IGN(DUD-E)†(3/15),1.0,NEF,,6.24,0.35,6.184,194,342923,3430,12,0.861,6.202,0.526,6.186,0.012,0.006,0.61,0.076
kat2a,IGN(DUD-E)†(3/15),5.0,NEF,,2.91,0.163,2.886,194,342923,17147,28,0.743,2.89,0.547,14.433,0.01,0.002,0.61,0.076
kat2a,IGN(target-specific)†(3/15),0.1,NEF,,0.0,0.0,0.0,194,342923,343,0,0.0,0.0,0.499,0.0,-0.001,-0.001,0.504,0.03
kat2a,IGN(target-specific)†(3/15),0.5,NEF,,4.157,0.233,4.123,194,342923,1715,4,0.805,4.13,0.508,2.062,0.005,0.003,0.504,0.03
kat2a,IGN(target-specific)†(3/15),1.0,NEF,,4.162,0.233,4.123,194,342923,3430,8,0.805,4.13,0.516,4.124,0.007,0.003,0.504,0.03
kat2a,IGN(target-specific)†(3/15),5.0,NEF,,1.666,0.093,1.649,194,342923,17147,16,0.623,1.65,0.516,8.247,0.004,0.001,0.504,0.03
kat2a,RF-score-vs(target-specific)†(3/15),0.1,NEF,,0.0,0.0,0.0,194,342923,343,0,0.0,0.0,0.499,0.0,-0.001,-0.001,0.511,0.013
kat2a,RF-score-vs(target-specific)†(3/15),0.5,NEF,,0.0,0.0,0.0,194,342923,1715,0,0.0,0.0,0.497,0.0,-0.002,-0.001,0.511,0.013
kat2a,RF-score-vs(target-specific)†(3/15),1.0,NEF,,2.081,0.117,2.061,194,342923,3430,4,0.673,2.063,0.505,2.062,0.003,0.001,0.511,0.013
kat2a,RF-score-vs(target-specific)†(3/15),5.0,NEF,,1.25,0.07,1.237,194,342923,17147,12,0.553,1.237,0.506,6.186,0.001,0.0,0.511,0.013
pkm2,GlideSP†(3/15),0.1,NEF,,0.0,0.0,0.0,546,245225,246,0,0.0,0.0,0.499,0.0,-0.001,-0.001,0.519,0.009
pkm2,GlideSP†(3/15),0.5,NEF,,0.0,0.0,0.0,546,245225,1227,0,0.0,0.0,0.497,0.0,-0.003,-0.003,0.519,0.009
pkm2,GlideSP†(3/15),1.0,NEF,,0.0,0.0,0.0,546,245225,2453,0,0.0,0.0,0.495,0.0,-0.005,-0.004,0.519,0.009
pkm2,GlideSP†(3/15),5.0,NEF,,0.97,0.212,0.952,546,245225,12262,26,0.488,0.952,0.499,4.762,-0.001,-0.0,0.519,0.009
pkm2,IGN(DUD-E)†(3/15),0.1,NEF,,0.0,0.0,0.0,546,245225,246,0,0.0,0.0,0.499,0.0,-0.001,-0.001,0.528,0.028
pkm2,IGN(DUD-E)†(3/15),0.5,NEF,,1.661,0.407,1.83,546,245225,1227,5,0.647,1.834,0.502,0.916,0.003,0.003,0.528,0.028
pkm2,IGN(DUD-E)†(3/15),1.0,NEF,,0.832,0.204,0.915,546,245225,2453,5,0.478,0.915,0.5,0.916,-0.0,-0.0,0.528,0.028
pkm2,IGN(DUD-E)†(3/15),5.0,NEF,,1.833,0.408,1.831,546,245225,12262,50,0.647,1.835,0.521,9.158,0.009,0.004,0.528,0.028
pkm2,IGN(target-specific)†(3/15),0.1,NEF,,0.0,0.0,0.0,546,245225,246,0,0.0,0.0,0.499,0.0,-0.001,-0.001,0.701,0.044
pkm2,IGN(target-specific)†(3/15),0.5,NEF,,3.322,0.733,3.294,546,245225,1227,9,0.768,3.311,0.506,1.648,0.008,0.007,0.701,0.044
pkm2,IGN(target-specific)†(3/15),1.0,NEF,,2.496,0.571,2.563,546,245225,2453,14,0.72,2.572,0.508,2.564,0.007,0.006,0.701,0.044
pkm2,IGN(target-specific)†(3/15),5.0,NEF,,3.499,0.783,3.516,546,245225,12262,96,0.78,3.536,0.563,17.582,0.027,0.011,0.701,0.044
pkm2,RF-score-vs(target-specific)†(3/15),0.1,NEF,,8.304,2.033,9.129,546,245225,246,5,0.903,9.297,0.504,2.033,0.012,0.011,0.61,0.026
pkm2,RF-score-vs(target-specific)†(3/15),0.5,NEF,,1.661,0.407,1.83,546,245225,1227,5,0.647,1.834,0.502,0.916,0.003,0.003,0.61,0.026
pkm2,RF-score-vs(target-specific)†(3/15),1.0,NEF,,1.664,0.367,1.648,546,245225,2453,9,0.623,1.65,0.503,1.648,0.003,0.002,0.61,0.026
pkm2,RF-score-vs(target-specific)†(3/15),5.0,NEF,,1.833,0.408,1.831,546,245225,12262,50,0.647,1.835,0.521,9.158,0.009,0.004,0.61,0.026
fen1,EHIGN†(7/15)‡,0.1,NEF,,154.57,15.909,155.148,360,351078,352,56,0.995,184.311,0.577,15.909,0.156,0.156,,
fen1,EHIGN†(7/15)‡,0.5,NEF,,75.41,7.745,75.529,360,351078,1756,136,0.988,81.786,0.687,37.778,0.169,0.127,,
fen1,EHIGN†(7/15)‡,1.0,NEF,,52.18,5.355,52.219,360,351078,3511,188,0.982,55.117,0.756,52.222,0.165,0.095,,
fen1,EHIGN†(7/15)‡,5.0,NEF,,14.22,1.458,14.222,360,351078,17554,256,0.935,14.418,0.831,71.111,0.097,0.027,,
kat2a,EHIGN†(7/15)‡,0.1,NEF,,41.47,2.332,41.228,194,342923,343,8,0.977,42.189,0.52,4.124,0.03,0.029,,
kat2a,EHIGN†(7/15)‡,0.5,NEF,,16.67,0.933,16.491,194,342923,1715,16,0.943,16.637,0.539,8.247,0.026,0.016,,
kat2a,EHIGN†(7/15)‡,1.0,NEF,,16.67,0.933,16.491,194,342923,3430,32,0.943,16.637,0.578,16.495,0.037,0.017,,
kat2a,EHIGN†(7/15)‡,5.0,NEF,,4.58,0.257,4.536,194,342923,17147,44,0.82,4.545,0.588,22.68,0.019,0.004,,
pkm2,EHIGN†(7/15)‡,0.1,NEF,,21.78,4.878,21.909,546,245225,246,12,0.958,22.981,0.511,4.878,0.031,0.029,,
pkm2,EHIGN†(7/15)‡,0.5,NEF,,7.33,1.63,7.321,546,245225,1227,20,0.881,7.426,0.516,3.663,0.021,0.02,,
pkm2,EHIGN†(7/15)‡,1.0,NEF,,8.08,1.794,8.056,546,245225,2453,44,0.891,8.185,0.535,8.059,0.034,0.026,,
pkm2,EHIGN†(7/15)‡,5.0,NEF,,4.56,1.011,4.542,546,245225,12262,124,0.821,4.578,0.589,22.711,0.038,0.015,,
aldh1,EHIGN†(7/15)‡,0.1,NEF,,14.99,75.0,14.997,5363,107237,108,81,0.983,56.987,0.507,75.0,0.102,0.028,,
aldh1,EHIGN†(7/15)‡,0.5,NEF,,12.14,60.708,12.139,5363,107237,537,326,0.967,29.349,0.529,60.708,0.181,0.102,,
aldh1,EHIGN†(7/15)‡,1.0,NEF,,9.9,49.487,9.895,5363,107237,1073,531,0.949,18.61,0.547,49.487,0.205,0.151,,
aldh1,EHIGN†(7/15)‡,5.0,NEF,,5.49,27.452,5.489,5363,107237,5362,1472,0.878,7.188,0.618,27.452,0.236,0.236,,
gba,EHIGN†(7/15)‡,0.1,NEF,,96.87,5.479,97.959,163,291404,292,16,0.99,103.58,0.549,9.816,0.073,0.07,,
gba,EHIGN†(7/15)‡,0.5,NEF,,38.96,2.195,39.237,163,291404,1458,32,0.976,40.095,0.596,19.632,0.064,0.039,,
gba,EHIGN†(7/15)‡,1.0,NEF,,26.82,1.509,26.985,163,291404,2915,44,0.965,27.383,0.63,26.994,0.062,0.028,,
gba,EHIGN†(7/15)‡,5.0,NEF,,7.8,0.439,7.852,163,291404,14571,64,0.887,7.883,0.671,39.264,0.037,0.008,,
mapk1,EHIGN†(7/15)‡,0.1,NEF,,37.96,19.355,38.882,308,61875,62,12,0.98,47.974,0.519,19.355,0.085,0.063,,
mapk1,EHIGN†(7/15)‡,0.5,NEF,,12.98,6.452,12.961,308,61875,310,20,0.932,13.786,0.53,6.494,0.06,0.06,,
mapk1,EHIGN†(7/15)‡,1.0,NEF,,9.08,4.523,9.087,308,61875,619,28,0.904,9.47,0.541,9.091,0.058,0.054,,
mapk1,EHIGN†(7/15)‡,5.0,NEF,,3.37,1.681,3.376,308,61875,3094,52,0.774,3.417,0.56,16.883,0.039,0.022,,
vdr,EHIGN†(7/15)‡,0.1,NEF,,38.7,9.47,38.067,655,263303,264,25,0.977,41.944,0.519,9.47,0.059,0.053,,
vdr,EHIGN†(7/15)‡,0.5,NEF,,20.77,5.163,20.756,655,263303,1317,68,0.956,21.831,0.55,10.382,0.07,0.066,,
vdr,EHIGN†(7/15)‡,1.0,NEF,,18.82,4.67,18.772,655,263303,2634,123,0.952,19.642,0.589,18.779,0.089,0.071,,
vdr,EHIGN†(7/15)‡,5.0,NEF,,7.01,1.747,7.022,655,263303,13166,230,0.877,7.13,0.651,35.115,0.069,0.029,,
adrb2,GenScore(ft_0.5),0.5,NEF,,47.04,0.257,47.054,17,311765,1559,4,0.979,47.172,0.615,23.529,0.024,0.005,0.559,0.229
adrb2,GenScore(ft_0.5),1.0,NEF,,23.53,0.128,23.527,17,311765,3118,4,0.959,23.556,0.613,23.529,0.017,0.002,0.559,0.229
adrb2,GenScore(ft_0.5),5.0,NEF,,4.71,0.026,4.706,17,311765,15589,4,0.825,4.707,0.593,23.529,0.006,0.0,0.559,0.229
aldh1,GenScore(ft_0.5),0.5,NEF,,1.73,8.566,1.713,5363,107237,537,46,0.64,1.78,0.502,8.566,0.012,0.007,0.571,0.085
aldh1,GenScore(ft_0.5),1.0,NEF,,1.67,8.388,1.677,5363,107237,1073,90,0.635,1.739,0.504,8.388,0.016,0.011,0.571,0.085
aldh1,GenScore(ft_0.5),5.0,NEF,,1.56,7.796,1.559,5363,107237,5362,418,0.616,1.606,0.515,7.796,0.029,0.029,0.571,0.085
esr1a,GenScore(ft_0.5),0.5,NEF,,30.75,9.091,30.706,13,4391,22,2,0.971,33.677,0.575,15.385,0.115,0.111,0.634,0.152
esr1a,GenScore(ft_0.5),1.0,NEF,,15.37,4.545,15.353,13,4391,44,2,0.941,16.037,0.572,15.385,0.079,0.066,0.634,0.152
esr1a,GenScore(ft_0.5),5.0,NEF,,3.07,0.909,3.071,13,4391,220,2,0.755,3.09,0.552,15.385,0.026,0.012,0.634,0.152
esr1t,GenScore(ft_0.5),0.5,NEF,,3.81,10.0,4.441,88,3908,20,2,0.828,4.823,0.509,10.0,0.037,0.029,0.61,0.065
esr1t,GenScore(ft_0.5),1.0,NEF,,2.91,7.5,3.331,88,3908,40,3,0.779,3.52,0.512,7.5,0.036,0.033,0.61,0.065
esr1t,GenScore(ft_0.5),5.0,NEF,,1.76,4.082,1.813,88,3908,196,8,0.649,1.847,0.521,9.091,0.028,0.026,0.61,0.065
fen1,GenScore(ft_0.5),0.5,NEF,,7.05,0.74,7.22,360,351078,1756,13,0.879,7.266,0.516,3.611,0.014,0.011,0.587,0.067
fen1,GenScore(ft_0.5),1.0,NEF,,4.06,0.427,4.166,360,351078,3511,15,0.807,4.18,0.516,4.167,0.01,0.006,0.587,0.067
fen1,GenScore(ft_0.5),5.0,NEF,,3.79,0.387,3.778,360,351078,17554,68,0.791,3.789,0.57,18.889,0.02,0.006,0.587,0.067
gba,GenScore(ft_0.5),0.5,NEF,,2.41,0.137,2.452,163,291404,1458,2,0.711,2.454,0.504,1.227,0.002,0.001,0.631,0.022
gba,GenScore(ft_0.5),1.0,NEF,,1.2,0.069,1.227,163,291404,2915,2,0.551,1.227,0.501,1.227,0.001,0.0,0.631,0.022
gba,GenScore(ft_0.5),5.0,NEF,,2.17,0.124,2.208,163,291404,14571,18,0.688,2.21,0.53,11.043,0.007,0.001,0.631,0.022
idh1,GenScore(ft_0.5),0.5,NEF,,10.25,0.111,10.256,39,358796,1794,2,0.911,10.267,0.523,5.128,0.007,0.002,0.688,0.08
idh1,GenScore(ft_0.5),1.0,NEF,,7.69,0.084,7.692,39,358796,3588,3,0.885,7.698,0.533,7.692,0.007,0.001,0.688,0.08
idh1,GenScore(ft_0.5),5.0,NEF,,4.1,0.045,4.103,39,358796,17940,8,0.804,4.104,0.578,20.513,0.007,0.001,0.688,0.08
kat2a,GenScore(ft_0.5),0.5,NEF,,2.06,0.117,2.061,194,342923,1715,2,0.673,2.063,0.503,1.031,0.002,0.001,0.351,0.011
kat2a,GenScore(ft_0.5),1.0,NEF,,1.03,0.058,1.031,194,342923,3430,2,0.508,1.031,0.5,1.031,0.0,0.0,0.351,0.011
kat2a,GenScore(ft_0.5),5.0,NEF,,0.41,0.023,0.412,194,342923,17147,4,0.292,0.412,0.485,2.062,-0.003,-0.001,0.351,0.011
mapk1,GenScore(ft_0.5),0.5,NEF,,6.49,3.226,6.48,308,61875,310,10,0.87,6.663,0.514,3.247,0.028,0.028,0.641,0.061
mapk1,GenScore(ft_0.5),1.0,NEF,,4.87,2.423,4.868,308,61875,619,15,0.832,4.964,0.519,4.87,0.028,0.026,0.641,0.061
mapk1,GenScore(ft_0.5),5.0,NEF,,2.6,1.293,2.597,308,61875,3094,40,0.724,2.618,0.54,12.987,0.026,0.015,0.641,0.061
mtorc1,GenScore(ft_0.5),0.5,NEF,,0.0,0.0,0.0,97,33069,166,0,0.0,0.0,0.497,0.0,-0.004,-0.004,0.499,0.002
mtorc1,GenScore(ft_0.5),1.0,NEF,,0.0,0.0,0.0,97,33069,331,0,0.0,0.0,0.495,0.0,-0.005,-0.005,0.499,0.002
mtorc1,GenScore(ft_0.5),5.0,NEF,,0.41,0.121,0.412,97,33069,1654,2,0.292,0.412,0.485,2.062,-0.007,-0.003,0.499,0.002
oprk1,GenScore(ft_0.5),0.5,NEF,,8.33,0.074,8.33,24,269499,1348,1,0.893,8.336,0.518,4.167,0.005,0.001,0.643,0.04
oprk1,GenScore(ft_0.5),1.0,NEF,,4.17,0.037,4.167,24,269499,2695,1,0.806,4.168,0.516,4.167,0.003,0.001,0.643,0.04
oprk1,GenScore(ft_0.5),5.0,NEF,,1.67,0.015,1.667,24,269499,13475,2,0.625,1.667,0.517,8.333,0.001,0.0,0.643,0.04
pkm2,GenScore(ft_0.5),0.5,NEF,,4.03,0.896,4.026,546,245225,1227,11,0.802,4.054,0.508,2.015,0.01,0.009,0.604,0.036
pkm2,GenScore(ft_0.5),1.0,NEF,,3.3,0.734,3.296,546,245225,2453,18,0.768,3.313,0.512,3.297,0.011,0.008,0.604,0.036
pkm2,GenScore(ft_0.5),5.0,NEF,,2.05,0.457,2.051,546,245225,12262,56,0.673,2.056,0.526,10.256,0.011,0.005,0.604,0.036
pparg,GenScore(ft_0.5),0.5,NEF,,43.11,23.81,40.625,24,4095,21,5,0.981,53.008,0.602,23.81,0.218,0.218,0.839,0.295
pparg,GenScore(ft_0.5),1.0,NEF,,25.62,14.634,24.97,24,4095,41,6,0.967,29.079,0.621,25.0,0.185,0.179,0.839,0.295
pparg,GenScore(ft_0.5),5.0,NEF,,8.89,5.366,9.155,24,4095,205,11,0.906,9.618,0.705,45.833,0.144,0.086,0.839,0.295
tp53,GenScore(ft_0.5),0.5,NEF,,0.0,0.0,0.0,64,3409,18,0,0.0,0.0,0.497,0.0,-0.01,-0.008,0.597,0.03
tp53,GenScore(ft_0.5),1.0,NEF,,0.0,0.0,0.0,64,3409,35,0,0.0,0.0,0.495,0.0,-0.014,-0.013,0.597,0.03
tp53,GenScore(ft_0.5),5.0,NEF,,1.26,2.339,1.246,64,3409,171,4,0.556,1.252,0.506,6.25,0.008,0.007,0.597,0.03
vdr,GenScore(ft_0.5),0.5,NEF,,1.81,0.456,1.831,655,263303,1317,6,0.647,1.835,0.502,0.916,0.003,0.003,0.454,0.016
vdr,GenScore(ft_0.5),1.0,NEF,,1.47,0.38,1.526,655,263303,2634,10,0.604,1.528,0.503,1.527,0.003,0.002,0.454,0.016
vdr,GenScore(ft_0.5),5.0,NEF,,1.02,0.251,1.008,655,263303,13166,33,0.502,1.008,0.5,5.038,0.0,0.0,0.454,0.016
adrb2,Surflex/Surflex,1.0,NEF,,5.88,0.032,5.882,17,311765,3118,1,0.855,5.883,0.524,5.882,0.004,0.001,,
aldh1,Surflex/Surflex,1.0,NEF,,0.96,4.846,0.969,5363,107237,1073,52,0.492,0.967,0.5,4.846,-0.001,-0.001,,
esr1a,Surflex/Surflex,1.0,NEF,,0.0,0.0,0.0,13,4391,44,0,0.0,0.0,0.495,0.0,-0.005,-0.005,,
esr1t,Surflex/Surflex,1.0,NEF,,0.98,2.5,1.11,88,3908,40,1,0.527,1.113,0.501,2.5,0.002,0.002,,
fen1,Surflex/Surflex,1.0,NEF,,4.34,0.456,4.444,360,351078,3511,16,0.817,4.46,0.517,4.444,0.011,0.006,,
gba,Surflex/Surflex,1.0,NEF,,8.43,0.48,8.586,163,291404,2915,14,0.896,8.623,0.538,8.589,0.018,0.008,,
idh1,Surflex/Surflex,1.0,NEF,,0.0,0.0,0.0,39,358796,3588,0,0.0,0.0,0.495,0.0,-0.001,-0.0,,
kat2a,Surflex/Surflex,1.0,NEF,,2.58,0.146,2.577,194,342923,3430,5,0.721,2.579,0.508,2.577,0.004,0.002,,
mapk1,Surflex/Surflex,1.0,NEF,,1.62,0.808,1.623,308,61875,619,5,0.619,1.628,0.503,1.623,0.004,0.004,,
mtorc1,Surflex/Surflex,1.0,NEF,,1.03,0.302,1.03,97,33069,331,1,0.507,1.03,0.5,1.031,0.0,0.0,,
oprk1,Surflex/Surflex,1.0,NEF,,4.17,0.037,4.167,24,269499,2695,1,0.806,4.168,0.516,4.167,0.003,0.001,,
pkm2,Surflex/Surflex,1.0,NEF,,0.18,0.041,0.183,546,245225,2453,1,0.155,0.183,0.496,0.183,-0.004,-0.003,,
pparg,Surflex/Surflex,1.0,NEF,,7.41,4.878,8.323,24,4095,41,2,0.897,8.699,0.537,8.333,0.057,0.055,,
tp53,Surflex/Surflex,1.0,NEF,,0.0,0.0,0.0,64,3409,35,0,0.0,0.0,0.495,0.0,-0.014,-0.013,,
vdr,Surflex/Surflex,1.0,NEF,,0.0,0.0,0.0,655,263303,2634,0,0.0,0.0,0.495,0.0,-0.005,-0.004,,
adrb2,Pafnucy/Surflex,1.0,NEF,,11.76,0.064,11.763,17,311765,3118,2,0.922,11.77,0.554,11.765,0.008,0.001,,
aldh1,Pafnucy/Surflex,1.0,NEF,,15.93,79.683,15.933,5363,107237,1073,855,0.987,74.502,0.579,79.683,0.344,0.253,,
esr1a,Pafnucy/Surflex,1.0,NEF,,7.69,2.273,7.677,13,4391,44,1,0.887,7.832,0.534,7.692,0.037,0.031,,
esr1t,Pafnucy/Surflex,1.0,NEF,,0.98,2.5,1.11,88,3908,40,1,0.527,1.113,0.501,2.5,0.002,0.002,,
fen1,Pafnucy/Surflex,1.0,NEF,,5.15,0.541,5.277,360,351078,3511,19,0.841,5.301,0.521,5.278,0.014,0.008,,
gba,Pafnucy/Surflex,1.0,NEF,,9.64,0.549,9.813,163,291404,2915,16,0.908,9.861,0.544,9.816,0.021,0.009,,
idh1,Pafnucy/Surflex,1.0,NEF,,2.56,0.028,2.564,39,358796,3588,1,0.719,2.565,0.508,2.564,0.002,0.0,,
kat2a,Pafnucy/Surflex,1.0,NEF,,3.09,0.175,3.092,194,342923,3430,6,0.756,3.096,0.51,3.093,0.005,0.002,,
mapk1,Pafnucy/Surflex,1.0,NEF,,1.3,0.646,1.298,308,61875,619,4,0.565,1.3,0.501,1.299,0.002,0.002,,
mtorc1,Pafnucy/Surflex,1.0,NEF,,1.03,0.302,1.03,97,33069,331,1,0.507,1.03,0.5,1.031,0.0,0.0,,
oprk1,Pafnucy/Surflex,1.0,NEF,,8.33,0.074,8.333,24,269499,2695,2,0.893,8.339,0.537,8.333,0.007,0.001,,
pkm2,Pafnucy/Surflex,1.0,NEF,,0.37,0.082,0.366,546,245225,2453,2,0.268,0.366,0.497,0.366,-0.003,-0.002,,
pparg,Pafnucy/Surflex,1.0,NEF,,11.11,7.317,12.485,24,4095,41,3,0.931,13.391,0.558,12.5,0.089,0.086,,
tp53,Pafnucy/Surflex,1.0,NEF,,0.0,0.0,0.0,64,3409,35,0,0.0,0.0,0.495,0.0,-0.014,-0.013,,
vdr,Pafnucy/Surflex,1.0,NEF,,0.91,0.228,0.916,655,263303,2634,6,0.478,0.916,0.5,0.916,-0.0,-0.0,,
adrb2,ΔVinaRF20/Surflex,1.0,NEF,,11.76,0.064,11.763,17,311765,3118,2,0.922,11.77,0.554,11.765,0.008,0.001,,
aldh1,ΔVinaRF20/Surflex,1.0,NEF,,15.74,78.751,15.747,5363,107237,1073,845,0.986,70.401,0.578,78.751,0.34,0.25,,
esr1a,ΔVinaRF20/Surflex,1.0,NEF,,7.69,2.273,7.677,13,4391,44,1,0.887,7.832,0.534,7.692,0.037,0.031,,
esr1t,ΔVinaRF20/Surflex,1.0,NEF,,0.98,2.5,1.11,88,3908,40,1,0.527,1.113,0.501,2.5,0.002,0.002,,
fen1,ΔVinaRF20/Surflex,1.0,NEF,,5.15,0.541,5.277,360,351078,3511,19,0.841,5.301,0.521,5.278,0.014,0.008,,
gba,ΔVinaRF20/Surflex,1.0,NEF,,9.64,0.549,9.813,163,291404,2915,16,0.908,9.861,0.544,9.816,0.021,0.009,,
idh1,ΔVinaRF20/Surflex,1.0,NEF,,0.0,0.0,0.0,39,358796,3588,0,0.0,0.0,0.495,0.0,-0.001,-0.0,,
kat2a,ΔVinaRF20/Surflex,1.0,NEF,,3.61,0.204,3.607,194,342923,3430,7,0.783,3.613,0.513,3.608,0.006,0.003,,
mapk1,ΔVinaRF20/Surflex,1.0,NEF,,1.3,0.646,1.298,308,61875,619,4,0.565,1.3,0.501,1.299,0.002,0.002,,
mtorc1,ΔVinaRF20/Surflex,1.0,NEF,,2.06,0.604,2.06,97,33069,331,2,0.674,2.066,0.505,2.062,0.006,0.005,,
oprk1,ΔVinaRF20/Surflex,1.0,NEF,,8.33,0.074,8.333,24,269499,2695,2,0.893,8.339,0.537,8.333,0.007,0.001,,
pkm2,ΔVinaRF20/Surflex,1.0,NEF,,2.38,0.53,2.38,546,245225,2453,13,0.705,2.388,0.507,2.381,0.007,0.005,,
pparg,ΔVinaRF20/Surflex,1.0,NEF,,11.11,7.317,12.485,24,4095,41,3,0.931,13.391,0.558,12.5,0.089,0.086,,
tp53,ΔVinaRF20/Surflex,1.0,NEF,,0.0,0.0,0.0,64,3409,35,0,0.0,0.0,0.495,0.0,-0.014,-0.013,,
vdr,ΔVinaRF20/Surflex,1.0,NEF,,0.91,0.228,0.916,655,263303,2634,6,0.478,0.916,0.5,0.916,-0.0,-0.0,,
adrb2,IFP/Surflex,1.0,NEF,,23.53,0.128,23.527,17,311765,3118,4,0.959,23.556,0.613,23.529,0.017,0.002,,
aldh1,IFP/Surflex,1.0,NEF,,15.35,76.794,15.356,5363,107237,1073,824,0.984,62.861,0.576,76.794,0.331,0.243,,
esr1a,IFP/Surflex,1.0,NEF,,7.69,2.273,7.677,13,4391,44,1,0.887,7.832,0.534,7.692,0.037,0.031,,
esr1t,IFP/Surflex,1.0,NEF,,5.88,12.5,5.551,88,3908,40,5,0.861,6.201,0.524,12.5,0.07,0.065,,
fen1,IFP/Surflex,1.0,NEF,,6.78,0.684,6.666,360,351078,3511,24,0.87,6.705,0.528,6.667,0.018,0.011,,
gba,IFP/Surflex,1.0,NEF,,9.64,0.549,9.813,163,291404,2915,16,0.908,9.861,0.544,9.816,0.021,0.009,,
idh1,IFP/Surflex,1.0,NEF,,1.61,0.028,2.564,39,358796,3588,1,0.719,2.565,0.508,2.564,0.002,0.0,,
kat2a,IFP/Surflex,1.0,NEF,,3.61,0.204,3.607,194,342923,3430,7,0.783,3.613,0.513,3.608,0.006,0.003,,
mapk1,IFP/Surflex,1.0,NEF,,1.62,0.808,1.623,308,61875,619,5,0.619,1.628,0.503,1.623,0.004,0.004,,
mtorc1,IFP/Surflex,1.0,NEF,,3.61,1.208,4.12,97,33069,331,4,0.806,4.158,0.516,4.124,0.017,0.014,,
oprk1,IFP/Surflex,1.0,NEF,,12.5,0.111,12.5,24,269499,2695,3,0.926,12.513,0.558,12.5,0.011,0.002,,
pkm2,IFP/Surflex,1.0,NEF,,7.14,1.59,7.141,546,245225,2453,39,0.879,7.24,0.531,7.143,0.029,0.022,,
pparg,IFP/Surflex,1.0,NEF,,11.11,7.317,12.485,24,4095,41,3,0.931,13.391,0.558,12.5,0.089,0.086,,
tp53,IFP/Surflex,1.0,NEF,,0.66,0.0,0.0,64,3409,35,0,0.0,0.0,0.495,0.0,-0.014,-0.013,,
vdr,IFP/Surflex,1.0,NEF,,1.24,0.304,1.221,655,263303,2634,8,0.55,1.222,0.501,1.221,0.001,0.001,,
adrb2,GRIM/Surflex,1.0,NEF,,17.65,0.096,17.645,17,311765,3118,3,0.946,17.661,0.583,17.647,0.012,0.002,,
aldh1,GRIM/Surflex,1.0,NEF,,15.76,78.844,15.765,5363,107237,1073,846,0.986,70.795,0.578,78.844,0.341,0.25,,
esr1a,GRIM/Surflex,1.0,NEF,,7.69,2.273,7.677,13,4391,44,1,0.887,7.832,0.534,7.692,0.037,0.031,,
esr1t,GRIM/Surflex,1.0,NEF,,0.98,2.5,1.11,88,3908,40,1,0.527,1.113,0.501,2.5,0.002,0.002,,
fen1,GRIM/Surflex,1.0,NEF,,7.32,0.741,7.222,360,351078,3511,26,0.879,7.268,0.531,7.222,0.02,0.012,,
gba,GRIM/Surflex,1.0,NEF,,10.84,0.617,11.039,163,291404,2915,18,0.917,11.102,0.55,11.043,0.024,0.011,,
idh1,GRIM/Surflex,1.0,NEF,,2.56,0.028,2.564,39,358796,3588,1,0.719,2.565,0.508,2.564,0.002,0.0,,
kat2a,GRIM/Surflex,1.0,NEF,,3.61,0.204,3.607,194,342923,3430,7,0.783,3.613,0.513,3.608,0.006,0.003,,
mapk1,GRIM/Surflex,1.0,NEF,,3.9,1.939,3.895,308,61875,619,12,0.798,3.952,0.515,3.896,0.021,0.019,,
mtorc1,GRIM/Surflex,1.0,NEF,,2.06,0.604,2.06,97,33069,331,2,0.674,2.066,0.505,2.062,0.006,0.005,,
oprk1,GRIM/Surflex,1.0,NEF,,12.5,0.111,12.5,24,269499,2695,3,0.926,12.513,0.558,12.5,0.011,0.002,,
pkm2,GRIM/Surflex,1.0,NEF,,5.86,1.305,5.859,546,245225,2453,32,0.856,5.923,0.524,5.861,0.023,0.018,,
pparg,GRIM/Surflex,1.0,NEF,,11.11,7.317,12.485,24,4095,41,3,0.931,13.391,0.558,12.5,0.089,0.086,,
tp53,GRIM/Surflex,1.0,NEF,,0.0,0.0,0.0,64,3409,35,0,0.0,0.0,0.495,0.0,-0.014,-0.013,,
vdr,GRIM/Surflex,1.0,NEF,,1.24,0.304,1.221,655,263303,2634,8,0.55,1.222,0.501,1.221,0.001,0.001,,
aldh1,TB-IECS†(10/15),1.0,NEF,,8.96,44.828,8.964,5363,107237,1073,481,0.939,15.434,0.542,44.828,0.184,0.135,0.61,
esr1t,TB-IECS†(10/15),1.0,NEF,,2.8,7.5,3.331,88,3908,40,3,0.779,3.52,0.512,7.5,0.036,0.033,0.697,
fen1,TB-IECS†(10/15),1.0,NEF,,1.143,0.114,1.111,360,351078,3511,4,0.526,1.111,0.501,1.111,0.0,0.0,0.812,
gba,TB-IECS†(10/15),1.0,NEF,,0.0,0.0,0.0,163,291404,2915,0,0.0,0.0,0.495,0.0,-0.002,-0.001,0.689,
kat2a,TB-IECS†(10/15),1.0,NEF,,1.299,0.087,1.546,194,342923,3430,3,0.607,1.547,0.503,1.546,0.001,0.001,0.523,
mapk1,TB-IECS†(10/15),1.0,NEF,,0.0,0.0,0.0,308,61875,619,0,0.0,0.0,0.495,0.0,-0.007,-0.007,0.697,
mtorc1,TB-IECS†(10/15),1.0,NEF,,0.0,0.0,0.0,97,33069,331,0,0.0,0.0,0.495,0.0,-0.005,-0.005,0.511,
pkm2,TB-IECS†(10/15),1.0,NEF,,1.198,0.285,1.282,546,245225,2453,7,0.562,1.282,0.501,1.282,0.001,0.001,0.632,
tp53,TB-IECS†(10/15),1.0,NEF,,7.279,14.286,7.609,64,3409,35,5,0.897,8.711,0.535,14.286,0.093,0.089,0.654,
vdr,TB-IECS†(10/15),1.0,NEF,,0.543,0.152,0.61,655,263303,2634,4,0.379,0.61,0.498,0.611,-0.002,-0.002,0.609,
fen1,KIDA†(3/15),0.5,NEF,,12.319,1.253,12.218,360,351078,1756,22,0.925,12.36,0.528,6.111,0.025,0.019,,
fen1,KIDA†(3/15),1.0,NEF,,11.957,1.225,11.944,360,351078,3511,43,0.924,12.079,0.555,11.944,0.035,0.02,,
fen1,KIDA†(3/15),5.0,NEF,,4.348,0.444,4.333,360,351078,17554,78,0.813,4.348,0.583,21.667,0.025,0.007,,
kat2a,KIDA†(3/15),0.5,NEF,,9.722,0.525,9.276,194,342923,1715,9,0.903,9.32,0.521,4.639,0.014,0.008,,
kat2a,KIDA†(3/15),1.0,NEF,,6.25,0.35,6.184,194,342923,3430,12,0.861,6.202,0.526,6.186,0.012,0.006,,
kat2a,KIDA†(3/15),5.0,NEF,,3.611,0.204,3.608,194,342923,17147,35,0.783,3.613,0.565,18.041,0.014,0.003,,
pkm2,KIDA†(3/15),0.5,NEF,,2.451,0.57,2.562,546,245225,1227,7,0.72,2.571,0.504,1.282,0.005,0.005,,
pkm2,KIDA†(3/15),1.0,NEF,,2.451,0.53,2.38,546,245225,2453,13,0.705,2.388,0.507,2.381,0.007,0.005,,
pkm2,KIDA†(3/15),5.0,NEF,,2.794,0.62,2.784,546,245225,12262,76,0.736,2.795,0.545,13.919,0.019,0.008,,
adrb2,DENVIS D-G,1.0,NEF,,25.0,0.128,23.527,17,311765,3118,4,0.959,23.556,0.613,23.529,0.017,0.002,0.6,0.19
aldh1,DENVIS D-G,1.0,NEF,,1.38,6.897,1.379,5363,107237,1073,74,0.585,1.407,0.502,6.897,0.009,0.006,0.54,0.07
esr1a,DENVIS D-G,1.0,NEF,,8.33,2.273,7.677,13,4391,44,1,0.887,7.832,0.534,7.692,0.037,0.031,0.66,0.1
esr1t,DENVIS D-G,1.0,NEF,,0.99,2.5,1.11,88,3908,40,1,0.527,1.113,0.501,2.5,0.002,0.002,0.52,0.04
fen1,DENVIS D-G,1.0,NEF,,3.26,0.342,3.333,360,351078,3511,12,0.77,3.341,0.512,3.333,0.008,0.004,0.58,0.04
gba,DENVIS D-G,1.0,NEF,,3.03,0.172,3.066,163,291404,2915,5,0.754,3.07,0.51,3.067,0.005,0.002,0.46,0.03
idh1,DENVIS D-G,1.0,NEF,,0.0,0.0,0.0,39,358796,3588,0,0.0,0.0,0.495,0.0,-0.001,-0.0,0.46,0.01
kat2a,DENVIS D-G,1.0,NEF,,0.52,0.029,0.515,194,342923,3430,1,0.34,0.515,0.498,0.515,-0.001,-0.001,0.39,0.01
mapk1,DENVIS D-G,1.0,NEF,,3.58,1.777,3.57,308,61875,619,11,0.783,3.616,0.513,3.571,0.018,0.017,0.61,0.05
mtorc1,DENVIS D-G,1.0,NEF,,1.04,0.302,1.03,97,33069,331,1,0.507,1.03,0.5,1.031,0.0,0.0,0.57,0.01
oprk1,DENVIS D-G,1.0,NEF,,0.0,0.0,0.0,24,269499,2695,0,0.0,0.0,0.495,0.0,-0.001,-0.0,0.82,0.01
pkm2,DENVIS D-G,1.0,NEF,,0.55,0.122,0.549,546,245225,2453,3,0.354,0.549,0.498,0.549,-0.002,-0.002,0.49,0.01
pparg,DENVIS D-G,1.0,NEF,,11.54,7.317,12.485,24,4095,41,3,0.931,13.391,0.558,12.5,0.089,0.086,0.76,0.15
tp53,DENVIS D-G,1.0,NEF,,1.28,2.857,1.522,64,3409,35,1,0.606,1.537,0.503,2.857,0.007,0.007,0.52,0.04
vdr,DENVIS D-G,1.0,NEF,,4.42,1.101,4.426,655,263303,2634,29,0.817,4.464,0.517,4.427,0.017,0.014,0.57,0.05
adrb2,GNINA,1.0,NEF,,0.0,0.0,0.0,17,311765,3118,0,0.0,0.0,0.495,0.0,-0.001,-0.0,0.52,0.01
aldh1,GNINA,1.0,NEF,,1.88,9.413,1.882,5363,107237,1073,101,0.664,1.974,0.505,9.413,0.02,0.015,0.6,0.09
esr1a,GNINA,1.0,NEF,,15.38,4.545,15.353,13,4391,44,2,0.941,16.037,0.572,15.385,0.079,0.066,0.71,0.12
esr1t,GNINA,1.0,NEF,,5.88,12.5,5.551,88,3908,40,5,0.861,6.201,0.524,12.5,0.07,0.065,0.72,0.12
fen1,GNINA,1.0,NEF,,1.9,0.199,1.944,360,351078,3511,7,0.661,1.946,0.505,1.944,0.003,0.002,0.55,0.02
gba,GNINA,1.0,NEF,,9.04,0.515,9.199,163,291404,2915,15,0.902,9.242,0.541,9.202,0.019,0.009,0.71,0.1
idh1,GNINA,1.0,NEF,,12.82,0.139,12.82,39,358796,3588,5,0.928,12.837,0.559,12.821,0.012,0.003,0.69,0.12
kat2a,GNINA,1.0,NEF,,1.55,0.087,1.546,194,342923,3430,3,0.607,1.547,0.503,1.546,0.001,0.001,0.41,0.02
mapk1,GNINA,1.0,NEF,,1.62,0.808,1.623,308,61875,619,5,0.619,1.628,0.503,1.623,0.004,0.004,0.62,0.02
mtorc1,GNINA,1.0,NEF,,1.03,0.302,1.03,97,33069,331,1,0.507,1.03,0.5,1.031,0.0,0.0,0.49,0.01
oprk1,GNINA,1.0,NEF,,8.33,0.074,8.333,24,269499,2695,2,0.893,8.339,0.537,8.333,0.007,0.001,0.8,0.07
pkm2,GNINA,1.0,NEF,,0.55,0.122,0.549,546,245225,2453,3,0.354,0.549,0.498,0.549,-0.002,-0.002,0.61,0.01
pparg,GNINA,1.0,NEF,,7.41,4.878,8.323,24,4095,41,2,0.897,8.699,0.537,8.333,0.057,0.055,0.76,0.06
tp53,GNINA,1.0,NEF,,1.27,2.857,1.522,64,3409,35,1,0.606,1.537,0.503,2.857,0.007,0.007,0.56,0.03
vdr,GNINA,1.0,NEF,,0.79,0.19,0.763,655,263303,2634,5,0.433,0.763,0.499,0.763,-0.001,-0.001,0.39,0.01
adrb2,DDTA,1.0,NEF,,0.0,0.0,0.0,17,311765,3118,0,0.0,0.0,0.495,0.0,-0.001,-0.0,0.37,0.0
aldh1,DDTA,1.0,NEF,,1.42,7.083,1.416,5363,107237,1073,76,0.592,1.448,0.502,7.083,0.01,0.007,0.58,0.08
esr1a,DDTA,1.0,NEF,,0.0,0.0,0.0,13,4391,44,0,0.0,0.0,0.495,0.0,-0.005,-0.005,0.66,0.02
esr1t,DDTA,1.0,NEF,,0.0,0.0,0.0,88,3908,40,0,0.0,0.0,0.495,0.0,-0.015,-0.014,0.63,0.04
fen1,DDTA,1.0,NEF,,0.27,0.028,0.278,360,351078,3511,1,0.217,0.278,0.496,0.278,-0.002,-0.001,0.49,0.01
gba,DDTA,1.0,NEF,,4.22,0.24,4.293,163,291404,2915,7,0.811,4.301,0.516,4.294,0.008,0.003,0.55,0.03
idh1,DDTA,1.0,NEF,,5.13,0.056,5.128,39,358796,3588,2,0.837,5.13,0.521,5.128,0.004,0.001,0.7,0.06
kat2a,DDTA,1.0,NEF,,1.03,0.058,1.031,194,342923,3430,2,0.508,1.031,0.5,1.031,0.0,0.0,0.48,0.02
mapk1,DDTA,1.0,NEF,,0.65,0.323,0.649,308,61875,619,2,0.393,0.648,0.498,0.649,-0.002,-0.002,0.58,0.02
mtorc1,DDTA,1.0,NEF,,1.03,0.302,1.03,97,33069,331,1,0.507,1.03,0.5,1.031,0.0,0.0,0.47,0.01
oprk1,DDTA,1.0,NEF,,4.17,0.037,4.167,24,269499,2695,1,0.806,4.168,0.516,4.167,0.003,0.001,0.69,0.03
pkm2,DDTA,1.0,NEF,,0.55,0.122,0.549,546,245225,2453,3,0.354,0.549,0.498,0.549,-0.002,-0.002,0.57,0.01
pparg,DDTA,1.0,NEF,,0.0,0.0,0.0,24,4095,41,0,0.0,0.0,0.495,0.0,-0.008,-0.007,0.68,0.0
tp53,DDTA,1.0,NEF,,2.53,5.714,3.044,64,3409,35,2,0.76,3.168,0.511,5.714,0.029,0.027,0.57,0.04
vdr,DDTA,1.0,NEF,,1.02,0.266,1.068,655,263303,2634,7,0.517,1.068,0.5,1.069,0.0,0.0,0.42,0.01
adrb2,GlideSP@PLANET,1.0,NEF,,5.55,0.032,5.882,17,311765,3118,1,0.855,5.883,0.524,5.882,0.004,0.001,0.57,
aldh1,GlideSP@PLANET,1.0,NEF,,10.33,51.631,10.324,5363,107237,1073,554,0.953,20.277,0.549,51.631,0.215,0.158,0.78,
esr1a,GlideSP@PLANET,1.0,NEF,,7.1,2.273,7.677,13,4391,44,1,0.887,7.832,0.534,7.692,0.037,0.031,0.51,
esr1t,GlideSP@PLANET,1.0,NEF,,0.41,0.0,0.0,88,3908,40,0,0.0,0.0,0.495,0.0,-0.015,-0.014,0.45,
fen1,GlideSP@PLANET,1.0,NEF,,0.6,0.057,0.556,360,351078,3511,2,0.357,0.555,0.498,0.556,-0.001,-0.001,0.4,
gba,GlideSP@PLANET,1.0,NEF,,4.2,0.24,4.293,163,291404,2915,7,0.811,4.301,0.516,4.294,0.008,0.003,0.58,
idh1,GlideSP@PLANET,1.0,NEF,,0.14,0.0,0.0,39,358796,3588,0,0.0,0.0,0.495,0.0,-0.001,-0.0,0.21,
kat2a,GlideSP@PLANET,1.0,NEF,,1.5,0.087,1.546,194,342923,3430,3,0.607,1.547,0.503,1.546,0.001,0.001,0.49,
mapk1,GlideSP@PLANET,1.0,NEF,,1.29,0.646,1.298,308,61875,619,4,0.565,1.3,0.501,1.299,0.002,0.002,0.55,
mtorc1,GlideSP@PLANET,1.0,NEF,,0.842,0.302,1.03,97,33069,331,1,0.507,1.03,0.5,1.031,0.0,0.0,0.49,
oprk1,GlideSP@PLANET,1.0,NEF,,4.166,0.037,4.167,24,269499,2695,1,0.806,4.168,0.516,4.167,0.003,0.001,0.52,
pkm2,GlideSP@PLANET,1.0,NEF,,4.02,0.897,4.028,546,245225,2453,22,0.802,4.055,0.515,4.029,0.014,0.011,0.66,
pparg,GlideSP@PLANET,1.0,NEF,,3.879,2.439,4.162,24,4095,41,1,0.809,4.241,0.516,4.167,0.024,0.024,0.67,
tp53,GlideSP@PLANET,1.0,NEF,,2.369,5.714,3.044,64,3409,35,2,0.76,3.168,0.511,5.714,0.029,0.027,0.64,
vdr,GlideSP@PLANET,1.0,NEF,,0.43,0.114,0.458,655,263303,2634,3,0.314,0.457,0.497,0.458,-0.003,-0.002,0.46,
adrb2,ΔVinaRF20@ΔLinF9,1.0,NEF,,0.0,0.0,0.0,17,311765,3118,0,0.0,0.0,0.495,0.0,-0.001,-0.0,,
aldh1,ΔVinaRF20@ΔLinF9,1.0,NEF,,1.66,8.295,1.659,5363,107237,1073,89,0.632,1.718,0.503,8.295,0.015,0.011,,
esr1a,ΔVinaRF20@ΔLinF9,1.0,NEF,,15.38,4.545,15.353,13,4391,44,2,0.941,16.037,0.572,15.385,0.079,0.066,,
esr1t,ΔVinaRF20@ΔLinF9,1.0,NEF,,2.94,7.5,3.331,88,3908,40,3,0.779,3.52,0.512,7.5,0.036,0.033,,
fen1,ΔVinaRF20@ΔLinF9,1.0,NEF,,0.81,0.085,0.833,360,351078,3511,3,0.454,0.833,0.499,0.833,-0.001,-0.0,,
gba,ΔVinaRF20@ΔLinF9,1.0,NEF,,6.63,0.377,6.746,163,291404,2915,11,0.871,6.768,0.529,6.748,0.014,0.006,,
idh1,ΔVinaRF20@ΔLinF9,1.0,NEF,,0.0,0.0,0.0,39,358796,3588,0,0.0,0.0,0.495,0.0,-0.001,-0.0,,
kat2a,ΔVinaRF20@ΔLinF9,1.0,NEF,,0.52,0.029,0.515,194,342923,3430,1,0.34,0.515,0.498,0.515,-0.001,-0.001,,
mapk1,ΔVinaRF20@ΔLinF9,1.0,NEF,,1.95,0.969,1.947,308,61875,619,6,0.662,1.957,0.505,1.948,0.007,0.006,,
mtorc1,ΔVinaRF20@ΔLinF9,1.0,NEF,,3.09,0.906,3.09,97,33069,331,3,0.757,3.109,0.51,3.093,0.011,0.01,,
oprk1,ΔVinaRF20@ΔLinF9,1.0,NEF,,0.0,0.0,0.0,24,269499,2695,0,0.0,0.0,0.495,0.0,-0.001,-0.0,,
pkm2,ΔVinaRF20@ΔLinF9,1.0,NEF,,2.93,0.652,2.93,546,245225,2453,16,0.746,2.942,0.51,2.93,0.009,0.007,,
pparg,ΔVinaRF20@ΔLinF9,1.0,NEF,,11.11,7.317,12.485,24,4095,41,3,0.931,13.391,0.558,12.5,0.089,0.086,,
tp53,ΔVinaRF20@ΔLinF9,1.0,NEF,,0.0,0.0,0.0,64,3409,35,0,0.0,0.0,0.495,0.0,-0.014,-0.013,,
vdr,ΔVinaRF20@ΔLinF9,1.0,NEF,,0.68,0.152,0.61,655,263303,2634,4,0.379,0.61,0.498,0.611,-0.002,-0.002,,
adrb2,Lin_F9@ΔLinF9,1.0,NEF,,0.0,0.0,0.0,17,311765,3118,0,0.0,0.0,0.495,0.0,-0.001,-0.0,,
aldh1,Lin_F9@ΔLinF9,1.0,NEF,,1.58,7.922,1.584,5363,107237,1073,85,0.62,1.634,0.503,7.922,0.013,0.01,,
esr1a,Lin_F9@ΔLinF9,1.0,NEF,,0.0,0.0,0.0,13,4391,44,0,0.0,0.0,0.495,0.0,-0.005,-0.005,,
esr1t,Lin_F9@ΔLinF9,1.0,NEF,,2.94,7.5,3.331,88,3908,40,3,0.779,3.52,0.512,7.5,0.036,0.033,,
fen1,Lin_F9@ΔLinF9,1.0,NEF,,1.9,0.199,1.944,360,351078,3511,7,0.661,1.946,0.505,1.944,0.003,0.002,,
gba,Lin_F9@ΔLinF9,1.0,NEF,,7.23,0.412,7.36,163,291404,2915,12,0.881,7.386,0.532,7.362,0.015,0.007,,
idh1,Lin_F9@ΔLinF9,1.0,NEF,,2.56,0.028,2.564,39,358796,3588,1,0.719,2.565,0.508,2.564,0.002,0.0,,
kat2a,Lin_F9@ΔLinF9,1.0,NEF,,2.06,0.117,2.061,194,342923,3430,4,0.673,2.063,0.505,2.062,0.003,0.001,,
mapk1,Lin_F9@ΔLinF9,1.0,NEF,,1.62,0.808,1.623,308,61875,619,5,0.619,1.628,0.503,1.623,0.004,0.004,,
mtorc1,Lin_F9@ΔLinF9,1.0,NEF,,2.06,0.604,2.06,97,33069,331,2,0.674,2.066,0.505,2.062,0.006,0.005,,
oprk1,Lin_F9@ΔLinF9,1.0,NEF,,4.17,0.037,4.167,24,269499,2695,1,0.806,4.168,0.516,4.167,0.003,0.001,,
pkm2,Lin_F9@ΔLinF9,1.0,NEF,,0.73,0.163,0.732,546,245225,2453,4,0.423,0.732,0.499,0.733,-0.001,-0.001,,
pparg,Lin_F9@ΔLinF9,1.0,NEF,,7.41,4.878,8.323,24,4095,41,2,0.897,8.699,0.537,8.333,0.057,0.055,,
tp53,Lin_F9@ΔLinF9,1.0,NEF,,1.27,2.857,1.522,64,3409,35,1,0.606,1.537,0.503,2.857,0.007,0.007,,
vdr,Lin_F9@ΔLinF9,1.0,NEF,,0.34,0.076,0.305,655,263303,2634,2,0.234,0.305,0.497,0.305,-0.003,-0.003,,
adrb2,ΔLin_F9XGB@ΔLinF9,1.0,NEF,,11.76,0.064,11.763,17,311765,3118,2,0.922,11.77,0.554,11.765,0.008,0.001,,
aldh1,ΔLin_F9XGB@ΔLinF9,1.0,NEF,,6.46,32.339,6.466,5363,107237,1073,347,0.901,9.079,0.529,32.339,0.126,0.093,,
esr1a,ΔLin_F9XGB@ΔLinF9,1.0,NEF,,7.69,2.273,7.677,13,4391,44,1,0.887,7.832,0.534,7.692,0.037,0.031,,
esr1t,ΔLin_F9XGB@ΔLinF9,1.0,NEF,,3.92,10.0,4.441,88,3908,40,4,0.828,4.823,0.518,10.0,0.053,0.049,,
fen1,ΔLin_F9XGB@ΔLinF9,1.0,NEF,,2.17,0.228,2.222,360,351078,3511,8,0.69,2.225,0.506,2.222,0.004,0.002,,
gba,ΔLin_F9XGB@ΔLinF9,1.0,NEF,,9.64,0.549,9.813,163,291404,2915,16,0.908,9.861,0.544,9.816,0.021,0.009,,
idh1,ΔLin_F9XGB@ΔLinF9,1.0,NEF,,5.13,0.056,5.128,39,358796,3588,2,0.837,5.13,0.521,5.128,0.004,0.001,,
kat2a,ΔLin_F9XGB@ΔLinF9,1.0,NEF,,7.73,0.437,7.73,194,342923,3430,15,0.886,7.76,0.534,7.732,0.016,0.007,,
mapk1,ΔLin_F9XGB@ΔLinF9,1.0,NEF,,2.6,1.292,2.596,308,61875,619,8,0.724,2.617,0.508,2.597,0.011,0.011,,
mtorc1,ΔLin_F9XGB@ΔLinF9,1.0,NEF,,2.06,0.604,2.06,97,33069,331,2,0.674,2.066,0.505,2.062,0.006,0.005,,
oprk1,ΔLin_F9XGB@ΔLinF9,1.0,NEF,,12.5,0.111,12.5,24,269499,2695,3,0.926,12.513,0.558,12.5,0.011,0.002,,
pkm2,ΔLin_F9XGB@ΔLinF9,1.0,NEF,,2.56,0.571,2.563,546,245225,2453,14,0.72,2.572,0.508,2.564,0.007,0.006,,
pparg,ΔLin_F9XGB@ΔLinF9,1.0,NEF,,7.41,4.878,8.323,24,4095,41,2,0.897,8.699,0.537,8.333,0.057,0.055,,
tp53,ΔLin_F9XGB@ΔLinF9,1.0,NEF,,1.27,2.857,1.522,64,3409,35,1,0.606,1.537,0.503,2.857,0.007,0.007,,
vdr,ΔLin_F9XGB@ΔLinF9,1.0,NEF,,0.34,0.076,0.305,655,263303,2634,2,0.234,0.305,0.497,0.305,-0.003,-0.003,,
adrb2,PLANET,0.5,NEF,,11.76,0.064,11.763,17,311765,1559,1,0.922,11.77,0.527,5.882,0.006,0.001,0.39,
adrb2,PLANET,1.0,NEF,,5.88,0.032,5.882,17,311765,3118,1,0.855,5.883,0.524,5.882,0.004,0.001,0.39,
adrb2,PLANET,5.0,NEF,,2.35,0.013,2.353,17,311765,15589,2,0.702,2.353,0.534,11.765,0.002,0.0,0.39,
aldh1,PLANET,0.5,NEF,,1.36,6.89,1.378,5363,107237,537,37,0.584,1.406,0.501,6.89,0.006,0.003,0.54,
aldh1,PLANET,1.0,NEF,,1.38,6.897,1.379,5363,107237,1073,74,0.585,1.407,0.502,6.897,0.009,0.006,0.54,
aldh1,PLANET,5.0,NEF,,1.4,6.994,1.398,5363,107237,5362,375,0.588,1.428,0.51,6.994,0.021,0.021,0.54,
esr1a,PLANET,0.5,NEF,,15.37,4.545,15.353,13,4391,22,1,0.941,16.037,0.536,7.692,0.056,0.054,0.66,
esr1a,PLANET,1.0,NEF,,7.68,2.273,7.677,13,4391,44,1,0.887,7.832,0.534,7.692,0.037,0.031,0.66,
esr1a,PLANET,5.0,NEF,,4.61,1.364,4.606,13,4391,220,3,0.823,4.656,0.591,23.077,0.045,0.02,0.66,
esr1t,PLANET,0.5,NEF,,3.8,10.0,4.441,88,3908,20,2,0.828,4.823,0.509,10.0,0.037,0.029,0.6,
esr1t,PLANET,1.0,NEF,,3.88,7.5,3.331,88,3908,40,3,0.779,3.52,0.512,7.5,0.036,0.033,0.6,
esr1t,PLANET,5.0,NEF,,2.34,5.102,2.266,88,3908,196,10,0.7,2.334,0.532,11.364,0.044,0.041,0.6,
fen1,PLANET,0.5,NEF,,7.04,0.74,7.22,360,351078,1756,13,0.879,7.266,0.516,3.611,0.014,0.011,0.6,
fen1,PLANET,1.0,NEF,,5.14,0.541,5.277,360,351078,3511,19,0.841,5.301,0.521,5.278,0.014,0.008,0.6,
fen1,PLANET,5.0,NEF,,2.65,0.273,2.667,360,351078,17554,48,0.728,2.671,0.542,13.333,0.012,0.003,0.6,
gba,PLANET,0.5,NEF,,2.4,0.137,2.452,163,291404,1458,2,0.711,2.454,0.504,1.227,0.002,0.001,0.68,
gba,PLANET,1.0,NEF,,3.01,0.172,3.066,163,291404,2915,5,0.754,3.07,0.51,3.067,0.005,0.002,0.68,
gba,PLANET,5.0,NEF,,2.4,0.137,2.454,163,291404,14571,20,0.711,2.456,0.536,12.27,0.008,0.002,0.68,
idh1,PLANET,0.5,NEF,,0.0,0.0,0.0,39,358796,1794,0,0.0,0.0,0.497,0.0,-0.001,-0.0,0.5,
idh1,PLANET,1.0,NEF,,2.56,0.028,2.564,39,358796,3588,1,0.719,2.565,0.508,2.564,0.002,0.0,0.5,
idh1,PLANET,5.0,NEF,,2.05,0.022,2.051,39,358796,17940,4,0.672,2.051,0.526,10.256,0.003,0.0,0.5,
kat2a,PLANET,0.5,NEF,,4.14,0.233,4.123,194,342923,1715,4,0.805,4.13,0.508,2.062,0.005,0.003,0.49,
kat2a,PLANET,1.0,NEF,,3.1,0.175,3.092,194,342923,3430,6,0.756,3.096,0.51,3.093,0.005,0.002,0.49,
kat2a,PLANET,5.0,NEF,,1.34,0.076,1.34,194,342923,17147,13,0.573,1.34,0.509,6.701,0.002,0.0,0.49,
mapk1,PLANET,0.5,NEF,,0.64,0.323,0.648,308,61875,310,1,0.393,0.647,0.499,0.325,-0.002,-0.002,0.61,
mapk1,PLANET,1.0,NEF,,1.29,0.646,1.298,308,61875,619,4,0.565,1.3,0.501,1.299,0.002,0.002,0.61,
mapk1,PLANET,5.0,NEF,,1.36,0.679,1.364,308,61875,3094,21,0.577,1.366,0.509,6.818,0.006,0.003,0.61,
mtorc1,PLANET,0.5,NEF,,2.05,0.602,2.054,97,33069,166,1,0.673,2.06,0.503,1.031,0.004,0.004,0.46,
mtorc1,PLANET,1.0,NEF,,2.05,0.604,2.06,97,33069,331,2,0.674,2.066,0.505,2.062,0.006,0.005,0.46,
mtorc1,PLANET,5.0,NEF,,1.23,0.363,1.237,97,33069,1654,6,0.553,1.238,0.506,6.186,0.003,0.001,0.46,
oprk1,PLANET,0.5,NEF,,0.0,0.0,0.0,24,269499,1348,0,0.0,0.0,0.497,0.0,-0.001,-0.0,0.45,
oprk1,PLANET,1.0,NEF,,4.16,0.037,4.167,24,269499,2695,1,0.806,4.168,0.516,4.167,0.003,0.001,0.45,
oprk1,PLANET,5.0,NEF,,0.83,0.007,0.833,24,269499,13475,1,0.455,0.833,0.496,4.167,-0.0,-0.0,0.45,
pkm2,PLANET,0.5,NEF,,1.83,0.407,1.83,546,245225,1227,5,0.647,1.834,0.502,0.916,0.003,0.003,0.56,
pkm2,PLANET,1.0,NEF,,1.83,0.408,1.831,546,245225,2453,10,0.647,1.834,0.504,1.832,0.004,0.003,0.56,
pkm2,PLANET,5.0,NEF,,1.35,0.302,1.355,546,245225,12262,37,0.576,1.356,0.509,6.777,0.004,0.002,0.56,
pparg,PLANET,0.5,NEF,,0.0,0.0,0.0,24,4095,21,0,0.0,0.0,0.497,0.0,-0.006,-0.006,0.7,
pparg,PLANET,1.0,NEF,,3.66,2.439,4.162,24,4095,41,1,0.809,4.241,0.516,4.167,0.024,0.024,0.7,
pparg,PLANET,5.0,NEF,,3.7,1.951,3.329,24,4095,205,4,0.771,3.376,0.559,16.667,0.041,0.025,0.7,
tp53,PLANET,0.5,NEF,,2.44,5.556,2.959,64,3409,18,1,0.755,3.074,0.505,5.556,0.02,0.016,0.58,
tp53,PLANET,1.0,NEF,,2.5,5.714,3.044,64,3409,35,2,0.76,3.168,0.511,5.714,0.029,0.027,0.58,
tp53,PLANET,5.0,NEF,,1.51,2.924,1.557,64,3409,171,5,0.612,1.574,0.514,7.812,0.018,0.016,0.58,
vdr,PLANET,0.5,NEF,,1.58,0.38,1.526,655,263303,1317,5,0.604,1.528,0.501,0.763,0.002,0.002,0.44,
vdr,PLANET,1.0,NEF,,1.02,0.266,1.068,655,263303,2634,7,0.517,1.068,0.5,1.069,0.0,0.0,0.44,
vdr,PLANET,5.0,NEF,,0.93,0.228,0.916,655,263303,13166,30,0.478,0.916,0.498,4.58,-0.001,-0.0,0.44,
adrb2,ConBAP,0.5,NEF,,10.523,0.064,11.763,17,311765,1559,1,0.922,11.77,0.527,5.882,0.006,0.001,0.385,
adrb2,ConBAP,1.0,NEF,,5.262,0.032,5.882,17,311765,3118,1,0.855,5.883,0.524,5.882,0.004,0.001,0.385,
adrb2,ConBAP,5.0,NEF,,1.053,0.006,1.176,17,311765,15589,1,0.541,1.176,0.504,5.882,0.0,0.0,0.385,
aldh1,ConBAP,0.5,NEF,,8.176,40.968,8.192,5363,107237,537,220,0.929,13.183,0.519,40.968,0.117,0.066,0.72,
aldh1,ConBAP,1.0,NEF,,6.822,34.11,6.821,5363,107237,1073,366,0.908,9.834,0.531,34.11,0.134,0.099,0.72,
aldh1,ConBAP,5.0,NEF,,4.288,21.447,4.289,5363,107237,5362,1150,0.838,5.186,0.587,21.447,0.173,0.173,0.72,
esr1a,ConBAP,0.5,NEF,,19.446,4.545,15.353,13,4391,22,1,0.941,16.037,0.536,7.692,0.056,0.054,0.544,
esr1a,ConBAP,1.0,NEF,,9.914,2.273,7.677,13,4391,44,1,0.887,7.832,0.534,7.692,0.037,0.031,0.544,
esr1a,ConBAP,5.0,NEF,,1.998,0.455,1.535,13,4391,220,1,0.606,1.538,0.513,7.692,0.007,0.003,0.544,
esr1t,ConBAP,0.5,NEF,,3.116,5.0,2.22,88,3908,20,1,0.696,2.285,0.503,5.0,0.013,0.01,0.628,
esr1t,ConBAP,1.0,NEF,,3.116,7.5,3.331,88,3908,40,3,0.779,3.52,0.512,7.5,0.036,0.033,0.628,
esr1t,ConBAP,5.0,NEF,,2.591,5.612,2.492,88,3908,196,11,0.721,2.581,0.538,12.5,0.052,0.048,0.628,
fen1,ConBAP,0.5,NEF,,0.196,0.0,0.0,360,351078,1756,0,0.0,0.0,0.497,0.0,-0.002,-0.002,0.385,
fen1,ConBAP,1.0,NEF,,0.349,0.028,0.278,360,351078,3511,1,0.217,0.278,0.496,0.278,-0.002,-0.001,0.385,
fen1,ConBAP,5.0,NEF,,0.389,0.04,0.389,360,351078,17554,7,0.28,0.389,0.485,1.944,-0.004,-0.001,0.385,
gba,ConBAP,0.5,NEF,,6.279,0.343,6.131,163,291404,1458,5,0.86,6.149,0.513,3.067,0.009,0.005,0.632,
gba,ConBAP,1.0,NEF,,4.187,0.24,4.293,163,291404,2915,7,0.811,4.301,0.516,4.294,0.008,0.003,0.632,
gba,ConBAP,5.0,NEF,,1.885,0.103,1.84,163,291404,14571,15,0.648,1.841,0.521,9.202,0.005,0.001,0.632,
idh1,ConBAP,0.5,NEF,,1.966,0.0,0.0,39,358796,1794,0,0.0,0.0,0.497,0.0,-0.001,-0.0,0.474,
idh1,ConBAP,1.0,NEF,,1.404,0.028,2.564,39,358796,3588,1,0.719,2.565,0.508,2.564,0.002,0.0,0.474,
idh1,ConBAP,5.0,NEF,,1.011,0.011,1.026,39,358796,17940,2,0.506,1.026,0.501,5.128,0.0,0.0,0.474,
kat2a,ConBAP,0.5,NEF,,1.015,0.058,1.031,194,342923,1715,1,0.508,1.031,0.5,0.515,0.0,0.0,0.453,
kat2a,ConBAP,1.0,NEF,,0.508,0.029,0.515,194,342923,3430,1,0.34,0.515,0.498,0.515,-0.001,-0.001,0.453,
kat2a,ConBAP,5.0,NEF,,0.609,0.035,0.619,194,342923,17147,6,0.382,0.618,0.49,3.093,-0.002,-0.0,0.453,
mapk1,ConBAP,0.5,NEF,,0.59,0.323,0.648,308,61875,310,1,0.393,0.647,0.499,0.325,-0.002,-0.002,0.617,
mapk1,ConBAP,1.0,NEF,,0.792,0.323,0.649,308,61875,619,2,0.393,0.648,0.498,0.649,-0.002,-0.002,0.617,
mapk1,ConBAP,5.0,NEF,,1.438,0.711,1.428,308,61875,3094,22,0.589,1.432,0.511,7.143,0.007,0.004,0.617,
mtorc1,ConBAP,0.5,NEF,,0.526,0.0,0.0,97,33069,166,0,0.0,0.0,0.497,0.0,-0.004,-0.004,0.476,
mtorc1,ConBAP,1.0,NEF,,0.421,0.0,0.0,97,33069,331,0,0.0,0.0,0.495,0.0,-0.005,-0.005,0.476,
mtorc1,ConBAP,5.0,NEF,,0.716,0.181,0.618,97,33069,1654,3,0.382,0.618,0.49,3.093,-0.005,-0.002,0.476,
oprk1,ConBAP,0.5,NEF,,0.0,0.0,0.0,24,269499,1348,0,0.0,0.0,0.497,0.0,-0.001,-0.0,0.568,
oprk1,ConBAP,1.0,NEF,,0.0,0.0,0.0,24,269499,2695,0,0.0,0.0,0.495,0.0,-0.001,-0.0,0.568,
oprk1,ConBAP,5.0,NEF,,2.399,0.022,2.5,24,269499,13475,3,0.714,2.5,0.538,12.5,0.003,0.0,0.568,
pkm2,ConBAP,0.5,NEF,,1.175,0.244,1.098,546,245225,1227,3,0.523,1.098,0.5,0.549,0.0,0.0,0.613,
pkm2,ConBAP,1.0,NEF,,1.175,0.245,1.099,546,245225,2453,6,0.524,1.099,0.5,1.099,0.0,0.0,0.613,
pkm2,ConBAP,5.0,NEF,,1.541,0.343,1.538,546,245225,12262,42,0.606,1.54,0.513,7.692,0.006,0.002,0.613,
pparg,ConBAP,0.5,NEF,,2.953,0.0,0.0,24,4095,21,0,0.0,0.0,0.497,0.0,-0.006,-0.006,0.753,
pparg,ConBAP,1.0,NEF,,2.771,2.439,4.162,24,4095,41,1,0.809,4.241,0.516,4.167,0.024,0.024,0.753,
pparg,ConBAP,5.0,NEF,,3.29,1.951,3.329,24,4095,205,4,0.771,3.376,0.559,16.667,0.041,0.025,0.753,
tp53,ConBAP,0.5,NEF,,2.36,5.556,2.959,64,3409,18,1,0.755,3.074,0.505,5.556,0.02,0.016,0.637,
tp53,ConBAP,1.0,NEF,,1.18,2.857,1.522,64,3409,35,1,0.606,1.537,0.503,2.857,0.007,0.007,0.637,
tp53,ConBAP,5.0,NEF,,1.18,2.339,1.246,64,3409,171,4,0.556,1.252,0.506,6.25,0.008,0.007,0.637,
vdr,ConBAP,0.5,NEF,,0.0,0.0,0.0,655,263303,1317,0,0.0,0.0,0.497,0.0,-0.004,-0.003,0.419,
vdr,ConBAP,1.0,NEF,,0.0,0.0,0.0,655,263303,2634,0,0.0,0.0,0.495,0.0,-0.005,-0.004,0.419,
vdr,ConBAP,5.0,NEF,,0.392,0.099,0.397,655,263303,13166,13,0.284,0.396,0.485,1.985,-0.007,-0.003,0.419,
adrb2,MILC-Dock†(4/15),1.0,NEF,,5.88,0.032,5.882,17,311765,3118,1,0.855,5.883,0.524,5.882,0.004,0.001,,
aldh1,MILC-Dock†(4/15),1.0,NEF,,0.97,4.846,0.969,5363,107237,1073,52,0.492,0.967,0.5,4.846,-0.001,-0.001,,
gba,MILC-Dock†(4/15),1.0,NEF,,7.98,0.446,7.973,163,291404,2915,13,0.889,8.004,0.535,7.975,0.017,0.007,,
idh1,MILC-Dock†(4/15),1.0,NEF,,2.56,0.028,2.564,39,358796,3588,1,0.719,2.565,0.508,2.564,0.002,0.0,,
adrb2,Vina†(4/15),1.0,NEF,,0.0,0.0,0.0,17,311765,3118,0,0.0,0.0,0.495,0.0,-0.001,-0.0,,
aldh1,Vina†(4/15),1.0,NEF,,1.73,8.667,1.733,5363,107237,1073,93,0.643,1.803,0.504,8.667,0.017,0.012,,
gba,Vina†(4/15),1.0,NEF,,4.91,0.274,4.906,163,291404,2915,8,0.831,4.917,0.52,4.908,0.009,0.004,,
idh1,Vina†(4/15),1.0,NEF,,2.56,0.028,2.564,39,358796,3588,1,0.719,2.565,0.508,2.564,0.002,0.0,,
adrb2,PLANTS†(4/15),1.0,NEF,,0.0,0.0,0.0,17,311765,3118,0,0.0,0.0,0.495,0.0,-0.001,-0.0,,
aldh1,PLANTS†(4/15),1.0,NEF,,1.66,8.295,1.659,5363,107237,1073,89,0.632,1.718,0.503,8.295,0.015,0.011,,
gba,PLANTS†(4/15),1.0,NEF,,4.91,0.274,4.906,163,291404,2915,8,0.831,4.917,0.52,4.908,0.009,0.004,,
idh1,PLANTS†(4/15),1.0,NEF,,2.56,0.028,2.564,39,358796,3588,1,0.719,2.565,0.508,2.564,0.002,0.0,,
adrb2,LeDock†(4/15),1.0,NEF,,0.0,0.0,0.0,17,311765,3118,0,0.0,0.0,0.495,0.0,-0.001,-0.0,,
aldh1,LeDock†(4/15),1.0,NEF,,1.62,8.108,1.621,5363,107237,1073,87,0.626,1.676,0.503,8.108,0.014,0.011,,
gba,LeDock†(4/15),1.0,NEF,,1.84,0.103,1.84,163,291404,2915,3,0.648,1.841,0.504,1.84,0.002,0.001,,
idh1,LeDock†(4/15),1.0,NEF,,5.13,0.056,5.128,39,358796,3588,2,0.837,5.13,0.521,5.128,0.004,0.001,,
adrb2,rDock†(4/15),1.0,NEF,,0.0,0.0,0.0,17,311765,3118,0,0.0,0.0,0.495,0.0,-0.001,-0.0,,
aldh1,rDock†(4/15),1.0,NEF,,1.7,8.481,1.696,5363,107237,1073,91,0.638,1.76,0.504,8.481,0.016,0.012,,
gba,rDock†(4/15),1.0,NEF,,3.07,0.172,3.066,163,291404,2915,5,0.754,3.07,0.51,3.067,0.005,0.002,,
idh1,rDock†(4/15),1.0,NEF,,2.56,0.028,2.564,39,358796,3588,1,0.719,2.565,0.508,2.564,0.002,0.0,,
adrb2,AutoDock4†(4/15),1.0,NEF,,0.0,0.0,0.0,17,311765,3118,0,0.0,0.0,0.495,0.0,-0.001,-0.0,,
aldh1,AutoDock4†(4/15),1.0,NEF,,2.11,10.531,2.106,5363,107237,1073,113,0.691,2.236,0.506,10.531,0.026,0.019,,
gba,AutoDock4†(4/15),1.0,NEF,,5.52,0.309,5.52,163,291404,2915,9,0.847,5.534,0.523,5.521,0.011,0.005,,
idh1,AutoDock4†(4/15),1.0,NEF,,0.0,0.0,0.0,39,358796,3588,0,0.0,0.0,0.495,0.0,-0.001,-0.0,,
adrb2,FINDSITE,1.0,NEF,,11.76,0.064,11.763,17,311765,3118,2,0.922,11.77,0.554,11.765,0.008,0.001,,
aldh1,FINDSITE,1.0,NEF,,0.68,3.355,0.671,5363,107237,1073,36,0.397,0.659,0.498,3.355,-0.008,-0.006,,
esr1a,FINDSITE,1.0,NEF,,7.69,2.273,7.677,13,4391,44,1,0.887,7.832,0.534,7.692,0.037,0.031,,
esr1t,FINDSITE,1.0,NEF,,0.0,0.0,0.0,88,3908,40,0,0.0,0.0,0.495,0.0,-0.015,-0.014,,
fen1,FINDSITE,1.0,NEF,,1.36,0.142,1.389,360,351078,3511,5,0.581,1.389,0.502,1.389,0.001,0.001,,
gba,FINDSITE,1.0,NEF,,1.81,0.103,1.84,163,291404,2915,3,0.648,1.841,0.504,1.84,0.002,0.001,,
idh1,FINDSITE,1.0,NEF,,0.0,0.0,0.0,39,358796,3588,0,0.0,0.0,0.495,0.0,-0.001,-0.0,,
kat2a,FINDSITE,1.0,NEF,,0.52,0.029,0.515,194,342923,3430,1,0.34,0.515,0.498,0.515,-0.001,-0.001,,
mapk1,FINDSITE,1.0,NEF,,6.77,3.393,6.815,308,61875,619,21,0.875,7.02,0.529,6.818,0.041,0.039,,
mtorc1,FINDSITE,1.0,NEF,,2.62,0.906,3.09,97,33069,331,3,0.757,3.109,0.51,3.093,0.011,0.01,,
oprk1,FINDSITE,1.0,NEF,,8.33,0.074,8.333,24,269499,2695,2,0.893,8.339,0.537,8.333,0.007,0.001,,
pkm2,FINDSITE,1.0,NEF,,0.77,0.163,0.732,546,245225,2453,4,0.423,0.732,0.499,0.733,-0.001,-0.001,,
pparg,FINDSITE,1.0,NEF,,1.23,0.0,0.0,24,4095,41,0,0.0,0.0,0.495,0.0,-0.008,-0.007,,
tp53,FINDSITE,1.0,NEF,,0.0,0.0,0.0,64,3409,35,0,0.0,0.0,0.495,0.0,-0.014,-0.013,,
vdr,FINDSITE,1.0,NEF,,1.98,0.494,1.984,655,263303,2634,13,0.665,1.989,0.505,1.985,0.005,0.004,,
adrb2,FRAGSITE,1.0,NEF,,9.56,0.064,11.763,17,311765,3118,2,0.922,11.77,0.554,11.765,0.008,0.001,,
aldh1,FRAGSITE,1.0,NEF,,0.75,3.728,0.745,5363,107237,1073,40,0.424,0.736,0.499,3.728,-0.006,-0.004,,
esr1a,FRAGSITE,1.0,NEF,,0.51,0.0,0.0,13,4391,44,0,0.0,0.0,0.495,0.0,-0.005,-0.005,,
esr1t,FRAGSITE,1.0,NEF,,2.61,5.0,2.22,88,3908,40,2,0.696,2.285,0.506,5.0,0.019,0.017,,
fen1,FRAGSITE,1.0,NEF,,17.07,1.737,16.943,360,351078,3511,61,0.945,17.225,0.58,16.944,0.051,0.03,,
gba,FRAGSITE,1.0,NEF,,2.71,0.137,2.453,163,291404,2915,4,0.711,2.455,0.507,2.454,0.003,0.002,,
idh1,FRAGSITE,1.0,NEF,,3.11,0.028,2.564,39,358796,3588,1,0.719,2.565,0.508,2.564,0.002,0.0,,
kat2a,FRAGSITE,1.0,NEF,,2.06,0.117,2.061,194,342923,3430,4,0.673,2.063,0.505,2.062,0.003,0.001,,
mapk1,FRAGSITE,1.0,NEF,,9.81,4.847,9.736,308,61875,619,30,0.911,10.181,0.544,9.74,0.062,0.058,,
mtorc1,FRAGSITE,1.0,NEF,,3.0,0.906,3.09,97,33069,331,3,0.757,3.109,0.51,3.093,0.011,0.01,,
oprk1,FRAGSITE,1.0,NEF,,4.17,0.037,4.167,24,269499,2695,1,0.806,4.168,0.516,4.167,0.003,0.001,,
pkm2,FRAGSITE,1.0,NEF,,1.69,0.367,1.648,546,245225,2453,9,0.623,1.65,0.503,1.648,0.003,0.002,,
pparg,FRAGSITE,1.0,NEF,,5.93,2.439,4.162,24,4095,41,1,0.809,4.241,0.516,4.167,0.024,0.024,,
tp53,FRAGSITE,1.0,NEF,,6.96,14.286,7.609,64,3409,35,5,0.897,8.711,0.535,14.286,0.093,0.089,,
vdr,FRAGSITE,1.0,NEF,,1.7,0.418,1.679,655,263303,2634,11,0.627,1.682,0.503,1.679,0.003,0.003,,
adrb2,EViS,1.0,NEF,,11.77,0.064,11.763,17,311765,3118,2,0.922,11.77,0.554,11.765,0.008,0.001,,
aldh1,EViS,1.0,NEF,,0.92,4.567,0.913,5363,107237,1073,49,0.476,0.909,0.5,4.567,-0.002,-0.001,,
esr1a,EViS,1.0,NEF,,15.37,4.545,15.353,13,4391,44,2,0.941,16.037,0.572,15.385,0.079,0.066,,
esr1t,EViS,1.0,NEF,,0.0,0.0,0.0,88,3908,40,0,0.0,0.0,0.495,0.0,-0.015,-0.014,,
fen1,EViS,1.0,NEF,,1.9,0.199,1.944,360,351078,3511,7,0.661,1.946,0.505,1.944,0.003,0.002,,
gba,EViS,1.0,NEF,,3.01,0.172,3.066,163,291404,2915,5,0.754,3.07,0.51,3.067,0.005,0.002,,
idh1,EViS,1.0,NEF,,2.56,0.028,2.564,39,358796,3588,1,0.719,2.565,0.508,2.564,0.002,0.0,,
kat2a,EViS,1.0,NEF,,1.55,0.087,1.546,194,342923,3430,3,0.607,1.547,0.503,1.546,0.001,0.001,,
mapk1,EViS,1.0,NEF,,2.6,1.292,2.596,308,61875,619,8,0.724,2.617,0.508,2.597,0.011,0.011,,
mtorc1,EViS,1.0,NEF,,2.06,0.604,2.06,97,33069,331,2,0.674,2.066,0.505,2.062,0.006,0.005,,
oprk1,EViS,1.0,NEF,,0.0,0.0,0.0,24,269499,2695,0,0.0,0.0,0.495,0.0,-0.001,-0.0,,
pkm2,EViS,1.0,NEF,,4.03,0.897,4.028,546,245225,2453,22,0.802,4.055,0.515,4.029,0.014,0.011,,
pparg,EViS,1.0,NEF,,14.64,9.756,16.646,24,4095,41,4,0.948,18.338,0.579,16.667,0.121,0.117,,
tp53,EViS,1.0,NEF,,1.25,2.857,1.522,64,3409,35,1,0.606,1.537,0.503,2.857,0.007,0.007,,
vdr,EViS,1.0,NEF,,1.02,0.266,1.068,655,263303,2634,7,0.517,1.068,0.5,1.069,0.0,0.0,,
pkm2,BANANA,1.0,NEF,,0.55,0.122,0.549,546,245225,2453,3,0.354,0.549,0.498,0.549,-0.002,-0.002,0.47,
aldh1,BANANA,1.0,NEF,,1.13,5.685,1.137,5363,107237,1073,61,0.534,1.145,0.501,5.685,0.003,0.002,0.54,
mapk1,BANANA,1.0,NEF,,3.57,1.777,3.57,308,61875,619,11,0.783,3.616,0.513,3.571,0.018,0.017,0.62,
kat2a,BANANA,1.0,NEF,,4.12,0.233,4.123,194,342923,3430,8,0.805,4.13,0.516,4.124,0.007,0.003,0.58,
esr1a,BANANA,1.0,NEF,,7.69,2.273,7.677,13,4391,44,1,0.887,7.832,0.534,7.692,0.037,0.031,0.71,
esr1t,BANANA,1.0,NEF,,1.98,5.0,2.22,88,3908,40,2,0.696,2.285,0.506,5.0,0.019,0.017,0.5,
oprk1,BANANA,1.0,NEF,,8.33,0.074,8.333,24,269499,2695,2,0.893,8.339,0.537,8.333,0.007,0.001,0.66,
tp53,BANANA,1.0,NEF,,0.0,0.0,0.0,64,3409,35,0,0.0,0.0,0.495,0.0,-0.014,-0.013,0.48,
vdr,BANANA,1.0,NEF,,1.36,0.342,1.374,655,263303,2634,9,0.579,1.375,0.502,1.374,0.002,0.001,0.62,
mtorc1,BANANA,1.0,NEF,,2.06,0.604,2.06,97,33069,331,2,0.674,2.066,0.505,2.062,0.006,0.005,0.46,
gba,BANANA,1.0,NEF,,1.81,0.103,1.84,163,291404,2915,3,0.648,1.841,0.504,1.84,0.002,0.001,0.55,
adrb2,BANANA,1.0,NEF,,0.0,0.0,0.0,17,311765,3118,0,0.0,0.0,0.495,0.0,-0.001,-0.0,0.69,
idh1,BANANA,1.0,NEF,,0.0,0.0,0.0,39,358796,3588,0,0.0,0.0,0.495,0.0,-0.001,-0.0,0.53,
pparg,BANANA,1.0,NEF,,0.0,0.0,0.0,24,4095,41,0,0.0,0.0,0.495,0.0,-0.008,-0.007,0.59,
fen1,BANANA,1.0,NEF,,20.59,2.108,20.554,360,351078,3511,74,0.954,20.975,0.598,20.556,0.063,0.036,0.86,
adrb2,pKd-screen+NMDN,1.0,NEF,,11.76,0.064,11.763,17,311765,3118,2,0.922,11.77,0.554,11.765,0.008,0.001,,
aldh1,pKd-screen+NMDN,1.0,NEF,,1.45,7.269,1.454,5363,107237,1073,78,0.598,1.489,0.502,7.269,0.01,0.008,,
esr1a,pKd-screen+NMDN,1.0,NEF,,15.38,4.545,15.353,13,4391,44,2,0.941,16.037,0.572,15.385,0.079,0.066,,
esr1t,pKd-screen+NMDN,1.0,NEF,,1.96,5.0,2.22,88,3908,40,2,0.696,2.285,0.506,5.0,0.019,0.017,,
fen1,pKd-screen+NMDN,1.0,NEF,,2.71,0.285,2.778,360,351078,3511,10,0.736,2.783,0.509,2.778,0.006,0.003,,
gba,pKd-screen+NMDN,1.0,NEF,,2.41,0.137,2.453,163,291404,2915,4,0.711,2.455,0.507,2.454,0.003,0.002,,
idh1,pKd-screen+NMDN,1.0,NEF,,0.0,0.0,0.0,39,358796,3588,0,0.0,0.0,0.495,0.0,-0.001,-0.0,,
kat2a,pKd-screen+NMDN,1.0,NEF,,4.12,0.233,4.123,194,342923,3430,8,0.805,4.13,0.516,4.124,0.007,0.003,,
mapk1,pKd-screen+NMDN,1.0,NEF,,1.3,0.646,1.298,308,61875,619,4,0.565,1.3,0.501,1.299,0.002,0.002,,
mtorc1,pKd-screen+NMDN,1.0,NEF,,1.03,0.302,1.03,97,33069,331,1,0.507,1.03,0.5,1.031,0.0,0.0,,
oprk1,pKd-screen+NMDN,1.0,NEF,,0.0,0.0,0.0,24,269499,2695,0,0.0,0.0,0.495,0.0,-0.001,-0.0,,
pkm2,pKd-screen+NMDN,1.0,NEF,,0.18,0.041,0.183,546,245225,2453,1,0.155,0.183,0.496,0.183,-0.004,-0.003,,
pparg,pKd-screen+NMDN,1.0,NEF,,25.93,14.634,24.97,24,4095,41,6,0.967,29.079,0.621,25.0,0.185,0.179,,
tp53,pKd-screen+NMDN,1.0,NEF,,3.8,5.714,3.044,64,3409,35,2,0.76,3.168,0.511,5.714,0.029,0.027,,
vdr,pKd-screen+NMDN,1.0,NEF,,2.38,0.607,2.442,655,263303,2634,16,0.71,2.451,0.507,2.443,0.007,0.006,,
adrb2,WatVina,1.0,NEF,,0.0,0.0,0.0,17,311765,3118,0,0.0,0.0,0.495,0.0,-0.001,-0.0,,
aldh1,WatVina,1.0,NEF,,1.83,9.133,1.826,5363,107237,1073,98,0.656,1.909,0.504,9.133,0.019,0.014,,
esr1a,WatVina,1.0,NEF,,7.69,2.273,7.677,13,4391,44,1,0.887,7.832,0.534,7.692,0.037,0.031,,
esr1t,WatVina,1.0,NEF,,0.97,2.5,1.11,88,3908,40,1,0.527,1.113,0.501,2.5,0.002,0.002,,
fen1,WatVina,1.0,NEF,,0.75,0.085,0.833,360,351078,3511,3,0.454,0.833,0.499,0.833,-0.001,-0.0,,
gba,WatVina,1.0,NEF,,9.76,0.549,9.813,163,291404,2915,16,0.908,9.861,0.544,9.816,0.021,0.009,,
idh1,WatVina,1.0,NEF,,2.63,0.028,2.564,39,358796,3588,1,0.719,2.565,0.508,2.564,0.002,0.0,,
kat2a,WatVina,1.0,NEF,,1.1,0.058,1.031,194,342923,3430,2,0.508,1.031,0.5,1.031,0.0,0.0,,
mapk1,WatVina,1.0,NEF,,1.3,0.646,1.298,308,61875,619,4,0.565,1.3,0.501,1.299,0.002,0.002,,
mtorc1,WatVina,1.0,NEF,,0.0,0.0,0.0,97,33069,331,0,0.0,0.0,0.495,0.0,-0.005,-0.005,,
oprk1,WatVina,1.0,NEF,,0.0,0.0,0.0,24,269499,2695,0,0.0,0.0,0.495,0.0,-0.001,-0.0,,
pkm2,WatVina,1.0,NEF,,2.54,0.571,2.563,546,245225,2453,14,0.72,2.572,0.508,2.564,0.007,0.006,,
pparg,WatVina,1.0,NEF,,7.33,4.878,8.323,24,4095,41,2,0.897,8.699,0.537,8.333,0.057,0.055,,
tp53,WatVina,1.0,NEF,,0.0,0.0,0.0,64,3409,35,0,0.0,0.0,0.495,0.0,-0.014,-0.013,,
vdr,WatVina,1.0,NEF,,0.12,0.038,0.153,655,263303,2634,1,0.132,0.152,0.496,0.153,-0.004,-0.003,,
adrb2,CNNScore*WatVina,1.0,NEF,,19.99,0.096,17.645,17,311765,3118,3,0.946,17.661,0.583,17.647,0.012,0.002,,
aldh1,CNNScore*WatVina,1.0,NEF,,1.81,9.04,1.808,5363,107237,1073,97,0.654,1.888,0.504,9.04,0.019,0.014,,
esr1a,CNNScore*WatVina,1.0,NEF,,7.69,2.273,7.677,13,4391,44,1,0.887,7.832,0.534,7.692,0.037,0.031,,
esr1t,CNNScore*WatVina,1.0,NEF,,4.84,10.0,4.441,88,3908,40,4,0.828,4.823,0.518,10.0,0.053,0.049,,
fen1,CNNScore*WatVina,1.0,NEF,,5.24,0.541,5.277,360,351078,3511,19,0.841,5.301,0.521,5.278,0.014,0.008,,
gba,CNNScore*WatVina,1.0,NEF,,9.76,0.549,9.813,163,291404,2915,16,0.908,9.861,0.544,9.816,0.021,0.009,,
idh1,CNNScore*WatVina,1.0,NEF,,2.63,0.028,2.564,39,358796,3588,1,0.719,2.565,0.508,2.564,0.002,0.0,,
kat2a,CNNScore*WatVina,1.0,NEF,,0.0,0.0,0.0,194,342923,3430,0,0.0,0.0,0.495,0.0,-0.002,-0.001,,
mapk1,CNNScore*WatVina,1.0,NEF,,2.27,1.131,2.272,308,61875,619,7,0.696,2.286,0.506,2.273,0.009,0.009,,
mtorc1,CNNScore*WatVina,1.0,NEF,,0.0,0.0,0.0,97,33069,331,0,0.0,0.0,0.495,0.0,-0.005,-0.005,,
oprk1,CNNScore*WatVina,1.0,NEF,,0.0,0.0,0.0,24,269499,2695,0,0.0,0.0,0.495,0.0,-0.001,-0.0,,
pkm2,CNNScore*WatVina,1.0,NEF,,4.11,0.897,4.028,546,245225,2453,22,0.802,4.055,0.515,4.029,0.014,0.011,,
pparg,CNNScore*WatVina,1.0,NEF,,18.32,9.756,16.646,24,4095,41,4,0.948,18.338,0.579,16.667,0.121,0.117,,
tp53,CNNScore*WatVina,1.0,NEF,,0.0,0.0,0.0,64,3409,35,0,0.0,0.0,0.495,0.0,-0.014,-0.013,,
vdr,CNNScore*WatVina,1.0,NEF,,0.81,0.19,0.763,655,263303,2634,5,0.433,0.763,0.499,0.763,-0.001,-0.001,,
