Target,Model,Percentile,EF,n,N,Ns,ns,PM,ROCE,CCR,REF,MCC,CKC,RIE,AUC_ROC,BEDROC
lck,KarmaDock Raw,0.5,25.062,416,27305,137,52.311,0.976,39.926,0.561,38.183,0.213,0.183,25.062,0.903,0.79
lck,KarmaDock Raw,1.0,25.062,416,27305,274,104.623,0.976,39.926,0.623,38.183,0.301,0.295,25.062,0.903,0.79
lck,KarmaDock Raw,5.0,13.534,416,27305,1366,281.657,0.944,16.789,0.818,67.706,0.358,0.3,13.534,0.903,0.79
hdac2,KarmaDock Raw,0.5,0.0,180,10352,52,0.0,0.0,0.0,0.497,0.0,-0.009,-0.008,0.0,0.539,0.04
hdac2,KarmaDock Raw,1.0,0.0,180,10352,104,0.0,0.0,0.0,0.495,0.0,-0.013,-0.013,0.0,0.539,0.04
hdac2,KarmaDock Raw,5.0,1.518,180,10352,518,13.668,0.605,1.532,0.513,7.593,0.016,0.014,1.518,0.539,0.04
braf,KarmaDock Raw,0.5,15.125,150,9887,50,11.473,0.951,19.331,0.536,22.947,0.125,0.108,15.125,0.828,0.326
braf,KarmaDock Raw,1.0,7.562,150,9887,99,11.359,0.894,8.413,0.533,11.473,0.082,0.08,7.562,0.828,0.326
braf,KarmaDock Raw,5.0,6.05,150,9887,495,45.435,0.868,6.56,0.628,30.29,0.144,0.12,6.05,0.828,0.326
kif11,KarmaDock Raw,0.5,5.038,116,6837,35,2.991,0.844,5.415,0.511,8.547,0.038,0.032,5.037,0.698,0.125
kif11,KarmaDock Raw,1.0,5.038,116,6837,69,5.897,0.844,5.415,0.521,8.547,0.054,0.052,5.037,0.698,0.125
kif11,KarmaDock Raw,5.0,3.526,116,6837,342,20.461,0.787,3.687,0.564,17.639,0.076,0.066,3.526,0.698,0.125
adrb2,KarmaDock Raw,0.5,0.0,231,14649,74,0.0,0.0,0.0,0.497,0.0,-0.009,-0.008,0.0,0.55,0.029
adrb2,KarmaDock Raw,1.0,0.0,231,14649,147,0.0,0.0,0.0,0.495,0.0,-0.013,-0.012,0.0,0.55,0.029
adrb2,KarmaDock Raw,5.0,0.505,231,14649,733,5.835,0.334,0.501,0.487,2.526,-0.014,-0.012,0.505,0.55,0.029
cdk2,KarmaDock Raw,0.5,23.92,471,27755,139,56.423,0.975,39.581,0.558,40.592,0.214,0.179,23.92,0.924,0.679
cdk2,KarmaDock Raw,1.0,24.464,471,27755,278,115.411,0.976,41.119,0.62,41.515,0.31,0.299,24.464,0.924,0.679
cdk2,KarmaDock Raw,5.0,10.642,471,27755,1388,250.673,0.927,12.768,0.745,53.221,0.291,0.251,10.642,0.924,0.679
pparg,KarmaDock Raw,0.5,22.8,482,24949,125,55.06,0.976,39.962,0.556,44.048,0.217,0.175,22.8,0.729,0.546
pparg,KarmaDock Raw,1.0,15.545,482,24949,250,75.082,0.956,21.789,0.574,30.033,0.205,0.195,15.545,0.729,0.546
pparg,KarmaDock Raw,5.0,9.0,482,24949,1248,216.996,0.914,10.684,0.704,45.02,0.258,0.229,9.0,0.729,0.546
src,KarmaDock Raw,0.5,30.275,519,34158,171,78.66,0.982,55.213,0.574,46.0,0.258,0.222,30.275,0.852,0.744
src,KarmaDock Raw,1.0,22.706,519,34158,342,117.99,0.972,34.139,0.61,34.5,0.271,0.265,22.706,0.852,0.744
src,KarmaDock Raw,5.0,12.11,519,34158,1708,314.273,0.936,14.615,0.782,60.554,0.317,0.265,12.11,0.852,0.744
ace,KarmaDock Raw,0.5,20.583,278,17051,86,28.861,0.968,30.475,0.55,33.559,0.18,0.152,20.583,0.856,0.497
ace,KarmaDock Raw,1.0,20.583,278,17051,171,57.386,0.968,30.475,0.6,33.559,0.254,0.246,20.583,0.856,0.497
ace,KarmaDock Raw,5.0,6.074,278,17051,853,84.47,0.869,6.631,0.629,30.385,0.15,0.128,6.074,0.856,0.497
egfr,KarmaDock Raw,0.5,30.1,540,34875,175,81.561,0.982,55.501,0.574,46.606,0.259,0.222,30.1,0.853,0.789
egfr,KarmaDock Raw,1.0,25.083,540,34875,349,135.547,0.976,40.377,0.622,38.839,0.304,0.296,25.083,0.853,0.789
egfr,KarmaDock Raw,5.0,12.04,540,34875,1744,325.127,0.936,14.57,0.78,60.209,0.318,0.267,12.04,0.853,0.789
inha,KarmaDock Raw,0.5,0.0,43,2329,12,0.0,0.0,0.0,0.497,0.0,-0.01,-0.008,0.0,0.477,0.022
inha,KarmaDock Raw,1.0,0.0,43,2329,24,0.0,0.0,0.0,0.495,0.0,-0.014,-0.013,0.0,0.477,0.022
inha,KarmaDock Raw,5.0,1.506,43,2329,117,3.254,0.603,1.521,0.513,7.566,0.016,0.014,1.506,0.477,0.022
akt1,KarmaDock Raw,0.5,17.745,292,16176,81,25.946,0.962,25.637,0.543,32.032,0.161,0.132,17.745,0.891,0.528
akt1,KarmaDock Raw,1.0,13.443,292,16176,162,39.312,0.946,17.43,0.563,24.267,0.17,0.162,13.443,0.891,0.528
akt1,KarmaDock Raw,5.0,10.527,292,16176,809,153.728,0.927,12.762,0.743,52.646,0.296,0.26,10.527,0.891,0.528
igf1r,KarmaDock Raw,0.5,29.075,147,9044,46,21.739,0.982,54.231,0.573,47.258,0.258,0.219,29.075,0.983,0.897
igf1r,KarmaDock Raw,1.0,26.432,147,9044,91,39.095,0.979,45.587,0.63,42.962,0.33,0.32,26.432,0.983,0.897
igf1r,KarmaDock Raw,5.0,16.041,147,9044,453,118.113,0.955,21.346,0.883,80.349,0.444,0.378,16.041,0.983,0.897
fgfr1,KarmaDock Raw,0.5,29.475,129,435,3,26.223,1.596,-2.679,0.64,874.086,1.541,0.389,29.475,0.951,0.91
fgfr1,KarmaDock Raw,1.0,29.475,129,435,5,43.704,1.596,-2.679,0.733,874.086,1.994,0.644,29.475,0.951,0.91
fgfr1,KarmaDock Raw,5.0,14.229,129,435,22,92.834,1.474,-3.109,0.976,421.973,1.982,1.251,14.229,0.951,0.91
ppara,KarmaDock Raw,0.5,22.8,371,16295,82,42.567,0.979,46.332,0.556,51.91,0.237,0.181,22.8,0.85,0.778
ppara,KarmaDock Raw,1.0,20.727,371,16295,163,76.922,0.975,38.356,0.601,47.191,0.303,0.278,20.727,0.85,0.778
ppara,KarmaDock Raw,5.0,14.5,371,16295,815,269.058,0.955,21.153,0.845,72.522,0.473,0.436,14.5,0.85,0.778
hdac8,KarmaDock Raw,0.5,0.0,164,10481,53,0.0,0.0,0.0,0.497,0.0,-0.009,-0.008,0.0,0.397,0.002
hdac8,KarmaDock Raw,1.0,0.0,164,10481,105,0.0,0.0,0.0,0.495,0.0,-0.013,-0.012,0.0,0.397,0.002
hdac8,KarmaDock Raw,5.0,0.506,164,10481,525,4.155,0.334,0.502,0.487,2.533,-0.014,-0.012,0.506,0.397,0.002
lck,KarmaDock FF,0.5,25.062,416,27305,137,52.311,0.976,39.926,0.561,38.183,0.213,0.183,25.062,0.889,0.819
lck,KarmaDock FF,1.0,25.062,416,27305,274,104.623,0.976,39.926,0.623,38.183,0.301,0.295,25.062,0.889,0.819
lck,KarmaDock FF,5.0,14.536,416,27305,1366,302.52,0.948,18.387,0.844,72.721,0.386,0.324,14.536,0.889,0.819
hdac2,KarmaDock FF,0.5,0.0,180,10352,52,0.0,0.0,0.0,0.497,0.0,-0.009,-0.008,0.0,0.521,0.039
hdac2,KarmaDock FF,1.0,0.0,180,10352,104,0.0,0.0,0.0,0.495,0.0,-0.013,-0.013,0.0,0.521,0.039
hdac2,KarmaDock FF,5.0,2.023,180,10352,518,18.224,0.673,2.061,0.526,10.124,0.031,0.027,2.023,0.521,0.039
braf,KarmaDock FF,0.5,10.083,150,9887,50,7.649,0.921,11.724,0.523,15.298,0.08,0.069,10.083,0.728,0.307
braf,KarmaDock FF,1.0,12.604,150,9887,99,18.931,0.939,15.348,0.559,19.122,0.145,0.142,12.604,0.728,0.307
braf,KarmaDock FF,5.0,5.042,150,9887,495,37.862,0.843,5.376,0.603,25.241,0.115,0.096,5.042,0.728,0.307
kif11,KarmaDock FF,0.5,5.038,116,6837,35,2.991,0.844,5.415,0.511,8.547,0.038,0.032,5.037,0.648,0.108
kif11,KarmaDock FF,1.0,5.038,116,6837,69,5.897,0.844,5.415,0.521,8.547,0.054,0.052,5.037,0.648,0.108
kif11,KarmaDock FF,5.0,1.008,116,6837,342,5.846,0.502,1.008,0.5,5.04,0.0,0.0,1.008,0.648,0.108
adrb2,KarmaDock FF,0.5,0.0,231,14649,74,0.0,0.0,0.0,0.497,0.0,-0.009,-0.008,0.0,0.598,0.075
adrb2,KarmaDock FF,1.0,2.616,231,14649,147,6.064,0.729,2.685,0.508,4.125,0.021,0.02,2.616,0.598,0.075
adrb2,KarmaDock FF,5.0,2.524,231,14649,733,29.176,0.721,2.587,0.539,12.63,0.044,0.037,2.524,0.598,0.075
cdk2,KarmaDock FF,0.5,11.96,471,27755,139,28.211,0.937,14.751,0.528,20.296,0.102,0.085,11.96,0.901,0.49
cdk2,KarmaDock FF,1.0,10.873,471,27755,278,51.294,0.929,13.106,0.55,18.451,0.13,0.126,10.873,0.901,0.49
cdk2,KarmaDock FF,5.0,10.642,471,27755,1388,250.673,0.927,12.768,0.745,53.221,0.291,0.251,10.642,0.901,0.49
pparg,KarmaDock FF,0.5,28.5,482,24949,125,68.825,0.984,62.193,0.57,55.06,0.274,0.221,28.5,0.712,0.453
pparg,KarmaDock FF,1.0,15.545,482,24949,250,75.082,0.956,21.789,0.574,30.033,0.205,0.195,15.545,0.712,0.453
pparg,KarmaDock FF,5.0,7.5,482,24949,1248,180.83,0.896,8.601,0.666,37.517,0.209,0.186,7.5,0.712,0.453
src,KarmaDock FF,0.5,30.275,519,34158,171,78.66,0.982,55.213,0.574,46.0,0.258,0.222,30.275,0.866,0.731
src,KarmaDock FF,1.0,25.229,519,34158,342,131.1,0.976,40.291,0.623,38.333,0.303,0.296,25.229,0.866,0.731
src,KarmaDock FF,5.0,13.119,519,34158,1708,340.462,0.942,16.136,0.808,65.6,0.345,0.289,13.119,0.866,0.731
ace,KarmaDock FF,0.5,20.583,278,17051,86,28.861,0.968,30.475,0.55,33.559,0.18,0.152,20.583,0.838,0.547
ace,KarmaDock FF,1.0,23.156,278,17051,171,64.559,0.973,36.595,0.613,37.754,0.287,0.279,23.156,0.838,0.547
ace,KarmaDock FF,5.0,7.592,278,17051,853,105.587,0.895,8.523,0.668,37.981,0.195,0.166,7.592,0.838,0.547
egfr,KarmaDock FF,0.5,30.1,540,34875,175,81.561,0.982,55.501,0.574,46.606,0.259,0.222,30.1,0.868,0.735
egfr,KarmaDock FF,1.0,25.083,540,34875,349,135.547,0.976,40.377,0.622,38.839,0.304,0.296,25.083,0.868,0.735
egfr,KarmaDock FF,5.0,10.535,540,34875,1744,284.486,0.925,12.394,0.742,52.683,0.274,0.231,10.535,0.868,0.735
inha,KarmaDock FF,0.5,0.0,43,2329,12,0.0,0.0,0.0,0.497,0.0,-0.01,-0.008,0.0,0.499,0.04
inha,KarmaDock FF,1.0,0.0,43,2329,24,0.0,0.0,0.0,0.495,0.0,-0.014,-0.013,0.0,0.499,0.04
inha,KarmaDock FF,5.0,2.008,43,2329,117,4.338,0.672,2.047,0.526,10.088,0.032,0.028,2.008,0.499,0.04
akt1,KarmaDock FF,0.5,17.745,292,16176,81,25.946,0.962,25.637,0.543,32.032,0.161,0.132,17.745,0.892,0.562
akt1,KarmaDock FF,1.0,16.132,292,16176,162,47.175,0.957,22.349,0.577,29.12,0.206,0.197,16.132,0.892,0.562
akt1,KarmaDock FF,5.0,10.527,292,16176,809,153.728,0.927,12.762,0.743,52.646,0.296,0.26,10.527,0.892,0.562
igf1r,KarmaDock FF,0.5,29.075,147,9044,46,21.739,0.982,54.231,0.573,47.258,0.258,0.219,29.075,0.972,0.916
igf1r,KarmaDock FF,1.0,29.075,147,9044,91,43.005,0.982,54.231,0.644,47.258,0.364,0.353,29.075,0.972,0.916
igf1r,KarmaDock FF,5.0,14.036,147,9044,453,103.349,0.947,17.889,0.832,70.305,0.385,0.328,14.036,0.972,0.916
fgfr1,KarmaDock FF,0.5,29.475,129,435,3,26.223,1.596,-2.679,0.64,874.086,1.541,0.389,29.475,0.947,0.873
fgfr1,KarmaDock FF,1.0,24.116,129,435,5,35.758,1.569,-2.758,0.689,715.161,1.618,0.523,24.116,0.947,0.873
fgfr1,KarmaDock FF,5.0,14.229,129,435,22,92.834,1.474,-3.109,0.976,421.973,1.982,1.251,14.229,0.947,0.873
ppara,KarmaDock FF,0.5,17.1,371,16295,82,31.925,0.965,27.364,0.541,38.933,0.175,0.134,17.1,0.837,0.687
ppara,KarmaDock FF,1.0,15.545,371,16295,163,57.691,0.959,23.514,0.574,35.393,0.223,0.205,15.545,0.837,0.687
ppara,KarmaDock FF,5.0,12.5,371,16295,815,231.946,0.945,17.075,0.794,62.519,0.403,0.371,12.5,0.837,0.687
hdac8,KarmaDock FF,0.5,0.0,164,10481,53,0.0,0.0,0.0,0.497,0.0,-0.009,-0.008,0.0,0.44,0.001
hdac8,KarmaDock FF,1.0,0.0,164,10481,105,0.0,0.0,0.0,0.495,0.0,-0.013,-0.012,0.0,0.44,0.001
hdac8,KarmaDock FF,5.0,0.0,164,10481,525,0.0,0.0,0.0,0.475,0.0,-0.029,-0.024,0.0,0.44,0.001
lck,KarmaDock Aligned,0.5,25.062,416,27305,137,52.311,0.976,39.926,0.561,38.183,0.213,0.183,25.062,0.827,0.717
lck,KarmaDock Aligned,1.0,25.062,416,27305,274,104.623,0.976,39.926,0.623,38.183,0.301,0.295,25.062,0.827,0.717
lck,KarmaDock Aligned,5.0,11.028,416,27305,1366,229.498,0.929,13.052,0.755,55.168,0.286,0.24,11.028,0.827,0.717
hdac2,KarmaDock Aligned,0.5,15.175,180,10352,52,13.721,0.953,20.256,0.536,26.386,0.134,0.111,15.175,0.486,0.189
hdac2,KarmaDock Aligned,1.0,7.588,180,10352,104,13.721,0.896,8.589,0.534,13.193,0.088,0.085,7.588,0.486,0.189
hdac2,KarmaDock Aligned,5.0,2.023,180,10352,518,18.224,0.673,2.061,0.526,10.124,0.031,0.027,2.023,0.486,0.189
braf,KarmaDock Aligned,0.5,20.167,150,9887,50,15.298,0.966,28.616,0.549,30.596,0.17,0.147,20.167,0.797,0.351
braf,KarmaDock Aligned,1.0,12.604,150,9887,99,18.931,0.939,15.348,0.559,19.122,0.145,0.142,12.604,0.797,0.351
braf,KarmaDock Aligned,5.0,5.042,150,9887,495,37.862,0.843,5.376,0.603,25.241,0.115,0.096,5.042,0.797,0.351
kif11,KarmaDock Aligned,0.5,5.038,116,6837,35,2.991,0.844,5.415,0.511,8.547,0.038,0.032,5.037,0.641,0.214
kif11,KarmaDock Aligned,1.0,7.556,116,6837,69,8.846,0.895,8.52,0.534,12.82,0.087,0.084,7.556,0.641,0.214
kif11,KarmaDock Aligned,5.0,4.534,116,6837,342,26.307,0.828,4.828,0.59,22.679,0.107,0.092,4.534,0.641,0.214
adrb2,KarmaDock Aligned,0.5,0.0,231,14649,74,0.0,0.0,0.0,0.497,0.0,-0.009,-0.008,0.0,0.519,0.024
adrb2,KarmaDock Aligned,1.0,0.0,231,14649,147,0.0,0.0,0.0,0.495,0.0,-0.013,-0.012,0.0,0.519,0.024
adrb2,KarmaDock Aligned,5.0,1.01,231,14649,733,11.67,0.502,1.01,0.5,5.052,0.0,0.0,1.01,0.519,0.024
cdk2,KarmaDock Aligned,0.5,29.9,471,27755,139,70.529,0.984,59.668,0.574,50.74,0.269,0.225,29.9,0.932,0.793
cdk2,KarmaDock Aligned,1.0,24.464,471,27755,278,115.411,0.976,41.119,0.62,41.515,0.31,0.299,24.464,0.932,0.793
cdk2,KarmaDock Aligned,5.0,12.163,471,27755,1388,286.483,0.938,15.066,0.784,60.825,0.337,0.29,12.163,0.932,0.793
pparg,KarmaDock Aligned,0.5,22.8,482,24949,125,55.06,0.976,39.962,0.556,44.048,0.217,0.175,22.8,0.609,0.493
pparg,KarmaDock Aligned,1.0,18.136,482,24949,250,87.596,0.965,27.379,0.588,35.038,0.242,0.229,18.136,0.609,0.493
pparg,KarmaDock Aligned,5.0,6.0,482,24949,1248,144.664,0.869,6.656,0.628,30.013,0.161,0.143,6.0,0.609,0.493
src,KarmaDock Aligned,0.5,25.229,519,34158,171,65.55,0.976,40.291,0.562,38.333,0.213,0.184,25.229,0.778,0.6
src,KarmaDock Aligned,1.0,22.706,519,34158,342,117.99,0.972,34.139,0.61,34.5,0.271,0.265,22.706,0.778,0.6
src,KarmaDock Aligned,5.0,7.569,519,34158,1708,196.421,0.894,8.422,0.667,37.846,0.187,0.157,7.569,0.778,0.6
ace,KarmaDock Aligned,0.5,15.438,278,17051,86,21.646,0.953,20.294,0.537,25.169,0.132,0.112,15.437,0.686,0.469
ace,KarmaDock Aligned,1.0,12.865,278,17051,171,35.866,0.941,16.014,0.56,20.974,0.154,0.149,12.865,0.686,0.469
ace,KarmaDock Aligned,5.0,8.098,278,17051,853,112.627,0.902,9.178,0.68,40.513,0.21,0.179,8.098,0.686,0.469
egfr,KarmaDock Aligned,0.5,25.083,540,34875,175,67.968,0.976,40.377,0.561,38.839,0.214,0.184,25.083,0.863,0.7
egfr,KarmaDock Aligned,1.0,25.083,540,34875,349,135.547,0.976,40.377,0.622,38.839,0.304,0.296,25.083,0.863,0.7
egfr,KarmaDock Aligned,5.0,10.033,540,34875,1744,270.939,0.921,11.695,0.729,50.174,0.26,0.219,10.033,0.863,0.7
inha,KarmaDock Aligned,0.5,0.0,43,2329,12,0.0,0.0,0.0,0.497,0.0,-0.01,-0.008,0.0,0.509,0.013
inha,KarmaDock Aligned,1.0,0.0,43,2329,24,0.0,0.0,0.0,0.495,0.0,-0.014,-0.013,0.0,0.509,0.013
inha,KarmaDock Aligned,5.0,1.004,43,2329,117,2.169,0.501,1.004,0.5,5.044,0.0,0.0,1.004,0.509,0.013
akt1,KarmaDock Aligned,0.5,5.915,292,16176,81,8.649,0.867,6.503,0.513,10.677,0.047,0.039,5.915,0.807,0.338
akt1,KarmaDock Aligned,1.0,10.755,292,16176,162,31.45,0.929,13.104,0.55,19.413,0.133,0.127,10.755,0.807,0.338
akt1,KarmaDock Aligned,5.0,6.015,292,16176,809,87.844,0.869,6.626,0.628,30.084,0.156,0.137,6.015,0.807,0.338
igf1r,KarmaDock Aligned,0.5,17.445,147,9044,46,13.043,0.96,23.953,0.543,28.355,0.151,0.128,17.445,0.923,0.597
igf1r,KarmaDock Aligned,1.0,18.502,147,9044,91,27.367,0.963,26.029,0.59,30.073,0.227,0.22,18.502,0.923,0.597
igf1r,KarmaDock Aligned,5.0,11.53,147,9044,453,84.894,0.933,13.958,0.768,57.751,0.311,0.265,11.53,0.923,0.597
fgfr1,KarmaDock Aligned,0.5,17.685,129,435,3,15.734,1.518,-2.931,0.582,524.452,0.903,0.228,17.685,0.909,0.782
fgfr1,KarmaDock Aligned,1.0,24.116,129,435,5,35.758,1.569,-2.758,0.689,715.161,1.618,0.523,24.116,0.909,0.782
fgfr1,KarmaDock Aligned,5.0,11.688,129,435,22,76.256,1.428,-3.334,0.884,346.62,1.602,1.011,11.688,0.909,0.782
ppara,KarmaDock Aligned,0.5,5.7,371,16295,82,10.642,0.865,6.401,0.512,12.978,0.051,0.039,5.7,0.616,0.306
ppara,KarmaDock Aligned,1.0,7.773,371,16295,163,28.846,0.902,9.229,0.535,17.697,0.104,0.095,7.773,0.616,0.306
ppara,KarmaDock Aligned,5.0,5.0,371,16295,815,92.778,0.846,5.514,0.602,25.008,0.14,0.129,5.0,0.616,0.306
hdac8,KarmaDock Aligned,0.5,0.0,164,10481,53,0.0,0.0,0.0,0.497,0.0,-0.009,-0.008,0.0,0.474,0.0
hdac8,KarmaDock Aligned,1.0,0.0,164,10481,105,0.0,0.0,0.0,0.495,0.0,-0.013,-0.012,0.0,0.474,0.0
hdac8,KarmaDock Aligned,5.0,0.0,164,10481,525,0.0,0.0,0.0,0.475,0.0,-0.029,-0.024,0.0,0.474,0.0
ppara,Glide@SP,0.5,0.0,371,16295,82,0.0,0.0,0.0,0.497,0.0,-0.011,-0.008,0.0,0.705,0.054
ppara,Glide@SP,1.0,2.496,371,16295,163,9.262,0.721,2.586,0.508,5.682,0.023,0.021,2.496,0.705,0.054
ppara,Glide@SP,5.0,2.102,371,16295,815,38.996,0.683,2.157,0.528,10.511,0.039,0.036,2.102,0.705,0.054
hdac2,Glide@SP,0.5,30.35,180,10352,52,27.442,0.984,63.146,0.575,52.772,0.277,0.231,30.35,0.733,0.56
hdac2,Glide@SP,1.0,23.346,180,10352,104,42.218,0.975,38.616,0.614,40.594,0.299,0.288,23.346,0.733,0.56
hdac2,Glide@SP,5.0,6.468,180,10352,518,58.257,0.877,7.161,0.639,32.365,0.167,0.145,6.468,0.733,0.56
inha,Glide@SP,0.5,26.25,43,2329,12,5.816,0.98,49.996,0.566,48.465,0.249,0.205,26.25,0.556,0.564
inha,Glide@SP,1.0,18.846,43,2329,24,8.351,0.966,28.369,0.594,34.795,0.25,0.239,18.846,0.556,0.564
inha,Glide@SP,5.0,7.903,43,2329,117,17.072,0.901,9.083,0.677,39.703,0.218,0.192,7.903,0.556,0.564
kif11,Glide@SP,0.5,21.589,116,6837,35,12.82,0.971,33.49,0.554,36.629,0.194,0.163,21.589,0.907,0.558
kif11,Glide@SP,1.0,16.275,116,6837,69,19.053,0.957,22.102,0.578,27.613,0.203,0.196,16.275,0.907,0.558
kif11,Glide@SP,5.0,9.414,116,6837,342,54.627,0.917,11.014,0.714,47.092,0.254,0.219,9.414,0.907,0.558
cdk2,Glide@SP,0.5,0.0,471,27755,139,0.0,0.0,0.0,0.497,0.0,-0.009,-0.008,0.0,0.852,0.218
cdk2,Glide@SP,1.0,7.475,471,27755,278,35.264,0.894,8.416,0.533,12.685,0.086,0.083,7.475,0.852,0.218
cdk2,Glide@SP,5.0,5.98,471,27755,1388,140.854,0.867,6.542,0.627,29.905,0.15,0.129,5.98,0.852,0.218
akt1,Glide@SP,0.5,5.051,292,16176,81,7.386,0.845,5.458,0.51,9.118,0.039,0.032,5.051,0.733,0.187
akt1,Glide@SP,1.0,7.577,292,16176,162,22.157,0.896,8.619,0.534,13.677,0.09,0.086,7.577,0.733,0.187
akt1,Glide@SP,5.0,3.536,292,16176,809,51.637,0.788,3.709,0.565,17.684,0.079,0.069,3.536,0.733,0.187
igf1r,Glide@SP,0.5,9.932,147,9044,46,7.426,0.921,11.651,0.523,16.143,0.082,0.07,9.932,0.75,0.218
igf1r,Glide@SP,1.0,4.966,147,9044,91,7.345,0.842,5.314,0.52,8.071,0.051,0.05,4.966,0.75,0.218
igf1r,Glide@SP,5.0,3.03,147,9044,453,22.31,0.758,3.135,0.552,15.177,0.06,0.051,3.03,0.75,0.218
adrb2,Glide@SP,0.5,0.0,231,14649,74,0.0,0.0,0.0,0.497,0.0,-0.009,-0.008,0.0,0.843,0.264
adrb2,Glide@SP,1.0,4.796,231,14649,147,11.117,0.836,5.106,0.519,7.563,0.048,0.047,4.796,0.843,0.264
adrb2,Glide@SP,5.0,7.442,231,14649,733,86.017,0.892,8.298,0.664,37.237,0.187,0.158,7.442,0.843,0.264
egfr,Glide@SP,0.5,8.828,540,34875,175,23.921,0.91,10.067,0.52,13.669,0.07,0.06,8.828,0.794,0.207
egfr,Glide@SP,1.0,4.753,540,34875,349,25.687,0.835,5.052,0.519,7.36,0.047,0.046,4.753,0.794,0.207
egfr,Glide@SP,5.0,5.572,540,34875,1744,150.457,0.857,6.003,0.616,27.862,0.132,0.111,5.572,0.794,0.207
hdac8,Glide@SP,0.5,4.407,164,10481,53,3.655,0.823,4.66,0.509,6.896,0.031,0.026,4.407,0.654,0.055
hdac8,Glide@SP,1.0,2.373,164,10481,105,3.899,0.708,2.426,0.507,3.713,0.017,0.017,2.373,0.654,0.055
hdac8,Glide@SP,5.0,0.995,164,10481,525,8.175,0.499,0.995,0.5,4.985,-0.0,-0.0,0.995,0.654,0.055
fgfr1,Glide@SP,0.5,14.738,129,435,3,13.111,1.482,-3.076,0.567,437.043,0.743,0.188,14.738,0.758,0.504
fgfr1,Glide@SP,1.0,14.738,129,435,5,21.852,1.482,-3.076,0.612,437.043,0.962,0.311,14.737,0.758,0.504
fgfr1,Glide@SP,5.0,8.493,129,435,22,55.408,1.341,-3.934,0.769,251.855,1.123,0.709,8.493,0.758,0.504
braf,Glide@SP,0.5,4.429,150,9887,50,3.359,0.824,4.676,0.509,6.719,0.03,0.026,4.429,0.713,0.105
braf,Glide@SP,1.0,4.769,150,9887,99,7.163,0.835,5.063,0.519,7.236,0.047,0.046,4.769,0.713,0.105
braf,Glide@SP,5.0,2.541,150,9887,495,19.082,0.722,2.603,0.539,12.722,0.044,0.037,2.541,0.713,0.105
src,Glide@SP,0.5,4.436,519,34158,171,11.525,0.824,4.684,0.509,6.74,0.03,0.026,4.436,0.632,0.134
src,Glide@SP,1.0,2.389,519,34158,342,12.412,0.709,2.441,0.507,3.629,0.017,0.017,2.389,0.632,0.134
src,Glide@SP,5.0,2.545,519,34158,1708,66.051,0.723,2.607,0.539,12.727,0.044,0.037,2.545,0.632,0.134
pparg,Glide@SP,0.5,0.0,482,24949,125,0.0,0.0,0.0,0.497,0.0,-0.01,-0.008,0.0,0.611,0.081
pparg,Glide@SP,1.0,2.375,482,24949,250,11.471,0.709,2.441,0.507,4.588,0.019,0.018,2.375,0.611,0.081
pparg,Glide@SP,5.0,2.5,482,24949,1248,60.277,0.72,2.576,0.538,12.506,0.048,0.043,2.5,0.611,0.081
ace,Glide@SP,0.5,26.464,278,17051,86,37.107,0.979,45.79,0.565,43.147,0.233,0.198,26.464,0.882,0.702
ace,Glide@SP,1.0,21.375,278,17051,171,59.593,0.97,32.274,0.604,34.85,0.264,0.256,21.375,0.882,0.702
ace,Glide@SP,5.0,11.952,278,17051,853,166.215,0.936,14.602,0.778,59.79,0.324,0.276,11.952,0.882,0.702
lck,Glide@SP,0.5,4.3,416,27305,137,8.975,0.819,4.531,0.508,6.551,0.029,0.025,4.3,0.768,0.227
lck,Glide@SP,1.0,6.946,416,27305,274,28.997,0.884,7.65,0.53,10.583,0.074,0.073,6.946,0.768,0.227
lck,Glide@SP,5.0,4.441,416,27305,1366,92.423,0.824,4.691,0.587,22.217,0.098,0.082,4.441,0.768,0.227
ppara,Gold@ChemPLP,0.5,4.429,371,16295,82,8.268,0.828,4.813,0.509,10.083,0.037,0.028,4.429,0.679,0.193
ppara,Gold@ChemPLP,1.0,7.154,371,16295,163,26.549,0.893,8.351,0.531,16.288,0.094,0.087,7.154,0.679,0.193
ppara,Gold@ChemPLP,5.0,4.0,371,16295,815,74.223,0.811,4.301,0.577,20.006,0.105,0.097,4.0,0.679,0.193
hdac2,Gold@ChemPLP,0.5,13.286,180,10352,52,12.013,0.944,16.976,0.531,23.101,0.116,0.097,13.286,0.82,0.324
hdac2,Gold@ChemPLP,1.0,9.538,180,10352,104,17.249,0.918,11.236,0.544,16.585,0.114,0.11,9.538,0.82,0.324
hdac2,Gold@ChemPLP,5.0,6.5,180,10352,518,58.545,0.878,7.201,0.64,32.525,0.168,0.146,6.5,0.82,0.324
inha,Gold@ChemPLP,0.5,13.286,43,2329,12,2.944,0.945,17.279,0.532,24.529,0.121,0.1,13.286,0.588,0.274
inha,Gold@ChemPLP,1.0,9.538,43,2329,24,4.227,0.919,11.364,0.545,17.611,0.119,0.114,9.538,0.588,0.274
inha,Gold@ChemPLP,5.0,3.0,43,2329,117,6.48,0.757,3.117,0.551,15.071,0.063,0.056,3.0,0.588,0.274
kif11,Gold@ChemPLP,0.5,13.275,116,6837,35,7.883,0.944,16.843,0.532,22.523,0.116,0.097,13.275,0.85,0.333
kif11,Gold@ChemPLP,1.0,14.296,116,6837,69,16.736,0.949,18.554,0.568,24.256,0.176,0.17,14.296,0.85,0.333
kif11,Gold@ChemPLP,5.0,5.496,116,6837,342,31.888,0.856,5.958,0.614,27.49,0.136,0.117,5.496,0.85,0.333
cdk2,Gold@ChemPLP,0.5,0.0,471,27755,139,0.0,0.0,0.0,0.497,0.0,-0.009,-0.008,0.0,0.631,0.108
cdk2,Gold@ChemPLP,1.0,4.765,471,27755,278,22.481,0.836,5.097,0.519,8.087,0.05,0.048,4.765,0.631,0.108
cdk2,Gold@ChemPLP,5.0,1.499,471,27755,1388,35.303,0.602,1.512,0.513,7.495,0.015,0.013,1.499,0.631,0.108
akt1,Gold@ChemPLP,0.5,0.0,292,16176,81,0.0,0.0,0.0,0.497,0.0,-0.01,-0.008,0.0,0.628,0.14
akt1,Gold@ChemPLP,1.0,2.379,292,16176,162,6.957,0.709,2.441,0.507,4.294,0.019,0.018,2.379,0.628,0.14
akt1,Gold@ChemPLP,5.0,3.492,292,16176,809,50.989,0.785,3.659,0.563,17.462,0.078,0.068,3.492,0.628,0.14
igf1r,Gold@ChemPLP,0.5,8.857,147,9044,46,6.622,0.911,10.179,0.52,14.396,0.072,0.061,8.857,0.654,0.174
igf1r,Gold@ChemPLP,1.0,4.769,147,9044,91,7.054,0.836,5.086,0.519,7.752,0.049,0.047,4.769,0.654,0.174
igf1r,Gold@ChemPLP,5.0,3.0,147,9044,453,22.089,0.756,3.103,0.551,15.027,0.059,0.05,3.0,0.654,0.174
adrb2,Gold@ChemPLP,0.5,8.836,231,14649,74,10.31,0.91,10.104,0.52,13.933,0.071,0.06,8.836,0.682,0.217
adrb2,Gold@ChemPLP,1.0,7.137,231,14649,147,16.543,0.888,7.915,0.531,11.254,0.078,0.076,7.137,0.682,0.217
adrb2,Gold@ChemPLP,5.0,3.99,231,14649,733,46.123,0.807,4.191,0.576,19.967,0.087,0.073,3.99,0.682,0.217
egfr,Gold@ChemPLP,0.5,0.0,540,34875,175,0.0,0.0,0.0,0.497,0.0,-0.009,-0.008,0.0,0.556,0.059
egfr,Gold@ChemPLP,1.0,2.377,540,34875,349,12.845,0.708,2.43,0.507,3.68,0.017,0.017,2.377,0.556,0.059
egfr,Gold@ChemPLP,5.0,0.997,540,34875,1744,26.917,0.499,0.997,0.5,4.985,-0.0,-0.0,0.997,0.556,0.059
hdac8,Gold@ChemPLP,0.5,0.0,164,10481,53,0.0,0.0,0.0,0.497,0.0,-0.009,-0.008,0.0,0.599,0.071
hdac8,Gold@ChemPLP,1.0,2.385,164,10481,105,3.918,0.709,2.438,0.507,3.731,0.018,0.017,2.385,0.599,0.071
hdac8,Gold@ChemPLP,5.0,2.0,164,10481,525,16.43,0.67,2.032,0.525,10.018,0.029,0.024,2.0,0.599,0.071
fgfr1,Gold@ChemPLP,0.5,0.0,129,435,3,0.0,0.0,0.0,0.495,0.0,-0.054,-0.014,0.0,0.704,0.11
fgfr1,Gold@ChemPLP,1.0,4.765,129,435,5,7.066,1.141,-8.113,0.531,141.318,0.264,0.085,4.765,0.704,0.11
fgfr1,Gold@ChemPLP,5.0,3.497,129,435,22,22.816,1.015,-66.32,0.59,103.709,0.374,0.236,3.497,0.704,0.11
braf,Gold@ChemPLP,0.5,4.4,150,9887,50,3.338,0.823,4.643,0.509,6.675,0.03,0.026,4.4,0.546,0.058
braf,Gold@ChemPLP,1.0,2.369,150,9887,99,3.559,0.708,2.42,0.507,3.594,0.017,0.017,2.369,0.546,0.058
braf,Gold@ChemPLP,5.0,0.497,150,9887,495,3.731,0.33,0.493,0.487,2.487,-0.014,-0.012,0.497,0.546,0.058
src,Gold@ChemPLP,0.5,13.275,519,34158,171,34.491,0.942,16.376,0.531,20.17,0.108,0.093,13.275,0.547,0.184
src,Gold@ChemPLP,1.0,7.148,519,34158,342,37.144,0.888,7.897,0.531,10.861,0.077,0.075,7.148,0.547,0.184
src,Gold@ChemPLP,5.0,1.499,519,34158,1708,38.896,0.602,1.51,0.513,7.494,0.014,0.012,1.499,0.547,0.184
pparg,Gold@ChemPLP,0.5,8.93,482,24949,125,21.566,0.914,10.584,0.52,17.253,0.079,0.064,8.93,0.699,0.334
pparg,Gold@ChemPLP,1.0,14.426,482,24949,250,69.676,0.951,19.614,0.569,27.87,0.19,0.18,14.426,0.699,0.334
pparg,Gold@ChemPLP,5.0,6.149,482,24949,1248,148.251,0.872,6.843,0.631,30.758,0.166,0.148,6.149,0.699,0.334
ace,Gold@ChemPLP,0.5,8.857,278,17051,86,12.419,0.911,10.183,0.52,14.441,0.072,0.061,8.857,0.635,0.327
ace,Gold@ChemPLP,1.0,7.154,278,17051,171,19.945,0.888,7.966,0.531,11.664,0.08,0.077,7.154,0.635,0.327
ace,Gold@ChemPLP,5.0,6.5,278,17051,853,90.398,0.877,7.152,0.64,32.517,0.162,0.139,6.5,0.635,0.327
lck,Gold@ChemPLP,0.5,8.843,416,27305,137,18.457,0.91,10.064,0.52,13.472,0.069,0.06,8.843,0.62,0.207
lck,Gold@ChemPLP,1.0,7.142,416,27305,274,29.815,0.888,7.892,0.531,10.882,0.077,0.075,7.142,0.62,0.207
lck,Gold@ChemPLP,5.0,2.995,416,27305,1366,62.334,0.756,3.091,0.551,14.984,0.057,0.048,2.995,0.62,0.207
ppara,LeDock,0.5,0.0,371,16295,82,0.0,0.0,0.0,0.497,0.0,-0.011,-0.008,0.0,0.515,0.0
ppara,LeDock,1.0,0.0,371,16295,163,0.0,0.0,0.0,0.495,0.0,-0.015,-0.014,0.0,0.515,0.0
ppara,LeDock,5.0,0.0,371,16295,815,0.0,0.0,0.0,0.474,0.0,-0.035,-0.032,0.0,0.515,0.0
hdac2,LeDock,0.5,4.429,180,10352,52,4.004,0.825,4.715,0.509,7.7,0.032,0.027,4.429,0.731,0.115
hdac2,LeDock,1.0,2.385,180,10352,104,4.312,0.71,2.445,0.507,4.146,0.019,0.018,2.385,0.731,0.115
hdac2,LeDock,5.0,5.0,180,10352,518,45.035,0.843,5.381,0.602,25.019,0.122,0.106,5.0,0.731,0.115
inha,LeDock,0.5,4.429,43,2329,12,0.981,0.826,4.734,0.509,8.176,0.034,0.028,4.429,0.419,0.085
inha,LeDock,1.0,4.769,43,2329,24,2.113,0.837,5.133,0.52,8.805,0.053,0.051,4.769,0.419,0.085
inha,LeDock,5.0,1.0,43,2329,117,2.16,0.5,1.0,0.5,5.024,0.0,0.0,1.0,0.419,0.085
kif11,LeDock,0.5,0.0,116,6837,35,0.0,0.0,0.0,0.497,0.0,-0.009,-0.008,0.0,0.64,0.005
kif11,LeDock,1.0,0.0,116,6837,69,0.0,0.0,0.0,0.495,0.0,-0.013,-0.013,0.0,0.64,0.005
kif11,LeDock,5.0,1.0,116,6837,342,5.803,0.5,1.0,0.5,5.002,0.0,0.0,1.0,0.64,0.005
cdk2,LeDock,0.5,8.857,471,27755,139,20.892,0.911,10.247,0.52,15.03,0.073,0.061,8.857,0.763,0.273
cdk2,LeDock,1.0,9.538,471,27755,278,44.999,0.918,11.187,0.543,16.187,0.113,0.109,9.538,0.763,0.273
cdk2,LeDock,5.0,6.5,471,27755,1388,153.103,0.878,7.182,0.64,32.506,0.166,0.143,6.5,0.763,0.273
akt1,LeDock,0.5,13.286,292,16176,81,19.426,0.945,17.162,0.531,23.983,0.118,0.097,13.286,0.765,0.303
akt1,LeDock,1.0,11.923,292,16176,162,34.867,0.937,14.919,0.556,21.523,0.149,0.143,11.923,0.765,0.303
akt1,LeDock,5.0,5.5,292,16176,809,80.32,0.857,5.996,0.615,27.507,0.14,0.123,5.5,0.765,0.303
igf1r,LeDock,0.5,8.857,147,9044,46,6.622,0.911,10.179,0.52,14.396,0.072,0.061,8.857,0.711,0.287
igf1r,LeDock,1.0,9.538,147,9044,91,14.108,0.917,11.105,0.544,15.504,0.111,0.107,9.538,0.711,0.287
igf1r,LeDock,5.0,5.0,147,9044,453,36.815,0.843,5.354,0.602,25.044,0.118,0.101,5.0,0.711,0.287
adrb2,LeDock,0.5,4.429,231,14649,74,5.168,0.824,4.686,0.509,6.983,0.031,0.026,4.429,0.631,0.112
adrb2,LeDock,1.0,2.385,231,14649,147,5.528,0.709,2.439,0.507,3.76,0.018,0.017,2.385,0.631,0.112
adrb2,LeDock,5.0,3.0,231,14649,733,34.676,0.756,3.099,0.551,15.011,0.058,0.049,3.0,0.631,0.112
egfr,LeDock,0.5,22.143,540,34875,175,60.0,0.971,33.174,0.554,34.286,0.188,0.161,22.143,0.727,0.404
egfr,LeDock,1.0,14.308,540,34875,349,77.317,0.948,18.095,0.568,22.154,0.168,0.164,14.308,0.727,0.404
egfr,LeDock,5.0,5.5,540,34875,1744,148.521,0.855,5.919,0.614,27.504,0.129,0.109,5.5,0.727,0.404
hdac8,LeDock,0.5,0.0,164,10481,53,0.0,0.0,0.0,0.497,0.0,-0.009,-0.008,0.0,0.547,0.0
hdac8,LeDock,1.0,0.0,164,10481,105,0.0,0.0,0.0,0.495,0.0,-0.013,-0.012,0.0,0.547,0.0
hdac8,LeDock,5.0,0.0,164,10481,525,0.0,0.0,0.0,0.475,0.0,-0.029,-0.024,0.0,0.547,0.0
fgfr1,LeDock,0.5,13.286,129,435,3,11.82,1.459,-3.179,0.56,393.99,0.665,0.168,13.286,0.796,0.359
fgfr1,LeDock,1.0,14.308,129,435,5,21.215,1.475,-3.104,0.609,424.297,0.932,0.301,14.308,0.796,0.359
fgfr1,LeDock,5.0,5.5,129,435,22,35.883,1.195,-6.131,0.662,163.103,0.674,0.426,5.5,0.796,0.359
braf,LeDock,0.5,4.429,150,9887,50,3.359,0.824,4.676,0.509,6.719,0.03,0.026,4.429,0.721,0.079
braf,LeDock,1.0,2.385,150,9887,99,3.582,0.709,2.437,0.507,3.618,0.017,0.017,2.385,0.721,0.079
braf,LeDock,5.0,2.0,150,9887,495,15.02,0.67,2.031,0.525,10.013,0.028,0.024,2.0,0.721,0.079
src,LeDock,0.5,8.857,519,34158,171,23.013,0.91,10.079,0.52,13.458,0.069,0.06,8.857,0.7,0.195
src,LeDock,1.0,7.154,519,34158,342,37.174,0.888,7.904,0.531,10.87,0.077,0.075,7.154,0.7,0.195
src,LeDock,5.0,3.5,519,34158,1708,90.83,0.785,3.64,0.563,17.501,0.071,0.06,3.5,0.7,0.195
pparg,LeDock,0.5,0.0,482,24949,125,0.0,0.0,0.0,0.497,0.0,-0.01,-0.008,0.0,0.572,0.009
pparg,LeDock,1.0,0.0,482,24949,250,0.0,0.0,0.0,0.495,0.0,-0.014,-0.013,0.0,0.572,0.009
pparg,LeDock,5.0,1.0,482,24949,1248,24.111,0.5,1.0,0.5,5.002,0.0,0.0,1.0,0.572,0.009
ace,LeDock,0.5,0.0,278,17051,86,0.0,0.0,0.0,0.497,0.0,-0.009,-0.008,0.0,0.287,0.003
ace,LeDock,1.0,0.0,278,17051,171,0.0,0.0,0.0,0.495,0.0,-0.013,-0.013,0.0,0.287,0.003
ace,LeDock,5.0,0.5,278,17051,853,6.954,0.332,0.496,0.487,2.501,-0.015,-0.013,0.5,0.287,0.003
lck,LeDock,0.5,0.0,416,27305,137,0.0,0.0,0.0,0.497,0.0,-0.009,-0.008,0.0,0.675,0.092
lck,LeDock,1.0,2.385,416,27305,274,9.955,0.709,2.437,0.507,3.633,0.017,0.017,2.385,0.675,0.092
lck,LeDock,5.0,3.5,416,27305,1366,72.84,0.785,3.641,0.564,17.51,0.071,0.06,3.5,0.675,0.092
lck,Surflex,0.5,8.857,416,27305,137,18.487,0.91,10.083,0.52,13.494,0.069,0.06,8.857,0.694,0.274
lck,Surflex,1.0,7.154,416,27305,274,29.864,0.888,7.907,0.531,10.899,0.077,0.075,7.154,0.694,0.274
lck,Surflex,5.0,4.5,416,27305,1366,93.651,0.826,4.758,0.589,22.512,0.1,0.084,4.5,0.694,0.274
adrb2,Surflex,0.5,8.857,231,14649,74,10.335,0.91,10.133,0.52,13.967,0.071,0.061,8.857,0.863,0.301
adrb2,Surflex,1.0,11.923,231,14649,147,27.638,0.935,14.452,0.556,18.801,0.139,0.136,11.923,0.863,0.301
adrb2,Surflex,5.0,5.0,231,14649,733,57.793,0.842,5.342,0.602,25.019,0.116,0.098,5.0,0.863,0.301
ace,Surflex,0.5,4.429,278,17051,86,6.21,0.824,4.695,0.509,7.22,0.031,0.027,4.429,0.704,0.243
ace,Surflex,1.0,9.538,278,17051,171,26.593,0.917,11.111,0.544,15.552,0.111,0.107,9.538,0.704,0.243
ace,Surflex,5.0,5.5,278,17051,853,76.49,0.856,5.943,0.614,27.515,0.133,0.113,5.5,0.704,0.243
egfr,Surflex,0.5,4.429,540,34875,175,12.0,0.824,4.681,0.509,6.857,0.031,0.026,4.429,0.578,0.121
egfr,Surflex,1.0,4.769,540,34875,349,25.772,0.835,5.07,0.519,7.385,0.048,0.046,4.769,0.578,0.121
egfr,Surflex,5.0,2.0,540,34875,1744,54.008,0.67,2.032,0.525,10.001,0.029,0.024,2.0,0.578,0.121
braf,Surflex,0.5,0.0,150,9887,50,0.0,0.0,0.0,0.497,0.0,-0.009,-0.008,0.0,0.626,0.033
braf,Surflex,1.0,0.0,150,9887,99,0.0,0.0,0.0,0.495,0.0,-0.012,-0.012,0.0,0.626,0.033
braf,Surflex,5.0,1.0,150,9887,495,7.51,0.5,1.0,0.5,5.007,0.0,0.0,1.0,0.626,0.033
inha,Surflex,0.5,13.286,43,2329,12,2.944,0.945,17.279,0.532,24.529,0.121,0.1,13.286,0.607,0.246
inha,Surflex,1.0,9.538,43,2329,24,4.227,0.919,11.364,0.545,17.611,0.119,0.114,9.538,0.607,0.246
inha,Surflex,5.0,4.5,43,2329,117,9.721,0.828,4.817,0.59,22.606,0.11,0.097,4.5,0.607,0.246
igf1r,Surflex,0.5,0.0,147,9044,46,0.0,0.0,0.0,0.497,0.0,-0.009,-0.008,0.0,0.586,0.021
igf1r,Surflex,1.0,0.0,147,9044,91,0.0,0.0,0.0,0.495,0.0,-0.013,-0.013,0.0,0.586,0.021
igf1r,Surflex,5.0,0.5,147,9044,453,3.682,0.332,0.496,0.487,2.504,-0.015,-0.013,0.5,0.586,0.021
akt1,Surflex,0.5,17.714,292,16176,81,25.901,0.962,25.571,0.543,31.977,0.161,0.132,17.714,0.679,0.358
akt1,Surflex,1.0,11.923,292,16176,162,34.867,0.937,14.919,0.556,21.523,0.149,0.143,11.923,0.679,0.358
akt1,Surflex,5.0,5.5,292,16176,809,80.32,0.857,5.996,0.615,27.507,0.14,0.123,5.5,0.679,0.358
fgfr1,Surflex,0.5,4.429,129,435,3,3.94,1.112,-9.943,0.517,131.33,0.186,0.047,4.429,0.73,0.137
fgfr1,Surflex,1.0,4.769,129,435,5,7.072,1.141,-8.097,0.531,141.432,0.264,0.085,4.769,0.73,0.137
fgfr1,Surflex,5.0,3.5,129,435,22,22.834,1.016,-64.909,0.59,103.793,0.375,0.236,3.5,0.73,0.137
cdk2,Surflex,0.5,8.857,471,27755,139,20.892,0.911,10.247,0.52,15.03,0.073,0.061,8.857,0.659,0.179
cdk2,Surflex,1.0,4.769,471,27755,278,22.499,0.836,5.101,0.519,8.093,0.05,0.048,4.769,0.659,0.179
cdk2,Surflex,5.0,4.0,471,27755,1388,94.217,0.808,4.218,0.576,20.004,0.09,0.078,4.0,0.659,0.179
src,Surflex,0.5,13.286,519,34158,171,34.519,0.943,16.393,0.531,20.186,0.108,0.093,13.286,0.586,0.226
src,Surflex,1.0,7.154,519,34158,342,37.174,0.888,7.904,0.531,10.87,0.077,0.075,7.154,0.586,0.226
src,Surflex,5.0,3.0,519,34158,1708,77.855,0.756,3.096,0.551,15.001,0.057,0.048,3.0,0.586,0.226
pparg,Surflex,0.5,13.286,482,24949,125,32.084,0.946,17.528,0.531,25.667,0.122,0.099,13.286,0.673,0.331
pparg,Surflex,1.0,9.538,482,24949,250,46.069,0.92,11.467,0.544,18.428,0.121,0.114,9.538,0.673,0.331
pparg,Surflex,5.0,5.0,482,24949,1248,120.553,0.844,5.428,0.602,25.011,0.129,0.115,5.0,0.673,0.331
kif11,Surflex,0.5,8.857,116,6837,35,5.26,0.911,10.247,0.52,15.027,0.074,0.062,8.857,0.799,0.219
kif11,Surflex,1.0,9.538,116,6837,69,11.167,0.918,11.187,0.544,16.183,0.113,0.109,9.538,0.799,0.219
kif11,Surflex,5.0,3.0,116,6837,342,17.408,0.757,3.107,0.551,15.007,0.06,0.052,3.0,0.799,0.219
hdac8,Surflex,0.5,4.429,164,10481,53,3.673,0.824,4.684,0.509,6.93,0.031,0.026,4.429,0.572,0.145
hdac8,Surflex,1.0,7.154,164,10481,105,11.754,0.888,7.93,0.531,11.194,0.078,0.076,7.154,0.572,0.145
hdac8,Surflex,5.0,2.0,164,10481,525,16.43,0.67,2.032,0.525,10.018,0.029,0.024,2.0,0.572,0.145
ppara,Surflex,0.5,13.286,371,16295,82,24.804,0.949,18.614,0.532,30.249,0.133,0.102,13.286,0.78,0.219
ppara,Surflex,1.0,7.154,371,16295,163,26.549,0.893,8.351,0.531,16.288,0.094,0.087,7.154,0.78,0.219
ppara,Surflex,5.0,4.0,371,16295,815,74.223,0.811,4.301,0.577,20.006,0.105,0.097,4.0,0.78,0.219
hdac2,Surflex,0.5,17.714,180,10352,52,16.017,0.962,25.154,0.543,30.802,0.158,0.131,17.714,0.766,0.417
hdac2,Surflex,1.0,16.692,180,10352,104,30.185,0.959,23.109,0.58,29.024,0.21,0.202,16.692,0.766,0.417
hdac2,Surflex,5.0,5.5,180,10352,518,49.538,0.857,5.976,0.615,27.521,0.137,0.119,5.5,0.766,0.417
lck,AutoDock Vina,0.5,10.157,416,27305,137,21.2,0.922,11.833,0.523,15.474,0.081,0.07,10.157,0.592,0.199
lck,AutoDock Vina,1.0,5.078,416,27305,274,21.198,0.844,5.42,0.521,7.736,0.051,0.05,5.078,0.592,0.199
lck,AutoDock Vina,5.0,2.344,416,27305,1366,48.782,0.705,2.394,0.534,11.726,0.038,0.032,2.344,0.592,0.199
src,AutoDock Vina,0.5,0.0,519,34158,171,0.0,0.0,0.0,0.497,0.0,-0.009,-0.008,0.0,0.484,0.0
src,AutoDock Vina,1.0,0.0,519,34158,342,0.0,0.0,0.0,0.495,0.0,-0.012,-0.012,0.0,0.484,0.0
src,AutoDock Vina,5.0,0.0,519,34158,1708,0.0,0.0,0.0,0.475,0.0,-0.028,-0.024,0.0,0.484,0.0
akt1,AutoDock Vina,0.5,0.0,292,16176,81,0.0,0.0,0.0,0.497,0.0,-0.01,-0.008,0.0,0.475,0.001
akt1,AutoDock Vina,1.0,0.0,292,16176,162,0.0,0.0,0.0,0.495,0.0,-0.014,-0.013,0.0,0.475,0.001
akt1,AutoDock Vina,5.0,0.0,292,16176,809,0.0,0.0,0.0,0.475,0.0,-0.031,-0.027,0.0,0.475,0.001
igf1r,AutoDock Vina,0.5,13.333,147,9044,46,9.969,0.944,16.745,0.532,21.671,0.113,0.096,13.333,0.662,0.219
igf1r,AutoDock Vina,1.0,6.667,147,9044,91,9.861,0.88,7.356,0.529,10.836,0.073,0.071,6.667,0.662,0.219
igf1r,AutoDock Vina,5.0,3.077,147,9044,453,22.656,0.761,3.186,0.553,15.412,0.061,0.052,3.077,0.662,0.219
braf,AutoDock Vina,0.5,13.321,150,9887,50,10.105,0.943,16.442,0.532,20.21,0.109,0.094,13.321,0.716,0.278
braf,AutoDock Vina,1.0,6.661,150,9887,99,10.005,0.879,7.297,0.529,10.106,0.071,0.069,6.661,0.716,0.278
braf,AutoDock Vina,5.0,2.805,150,9887,495,21.065,0.743,2.885,0.546,14.043,0.051,0.043,2.805,0.716,0.278
pparg,AutoDock Vina,0.5,0.0,482,24949,125,0.0,0.0,0.0,0.497,0.0,-0.01,-0.008,0.0,0.776,0.129
pparg,AutoDock Vina,1.0,6.862,482,24949,250,33.142,0.886,7.758,0.53,13.257,0.083,0.078,6.862,0.776,0.129
pparg,AutoDock Vina,5.0,1.492,482,24949,1248,35.973,0.601,1.507,0.513,7.463,0.016,0.014,1.492,0.776,0.129
cdk2,AutoDock Vina,0.5,0.0,471,27755,139,0.0,0.0,0.0,0.497,0.0,-0.009,-0.008,0.0,0.574,0.0
cdk2,AutoDock Vina,1.0,0.0,471,27755,278,0.0,0.0,0.0,0.495,0.0,-0.013,-0.013,0.0,0.574,0.0
cdk2,AutoDock Vina,5.0,0.0,471,27755,1388,0.0,0.0,0.0,0.475,0.0,-0.03,-0.026,0.0,0.574,0.0
hdac8,AutoDock Vina,0.5,0.0,164,10481,53,0.0,0.0,0.0,0.497,0.0,-0.009,-0.008,0.0,0.633,0.015
hdac8,AutoDock Vina,1.0,0.0,164,10481,105,0.0,0.0,0.0,0.495,0.0,-0.013,-0.012,0.0,0.633,0.015
hdac8,AutoDock Vina,5.0,2.216,164,10481,525,18.204,0.693,2.26,0.531,11.1,0.035,0.03,2.216,0.633,0.015
egfr,AutoDock Vina,0.5,0.0,540,34875,175,0.0,0.0,0.0,0.497,0.0,-0.009,-0.008,0.0,0.524,0.106
egfr,AutoDock Vina,1.0,0.0,540,34875,349,0.0,0.0,0.0,0.495,0.0,-0.013,-0.012,0.0,0.524,0.106
egfr,AutoDock Vina,5.0,2.024,540,34875,1744,54.656,0.673,2.057,0.526,10.121,0.029,0.025,2.024,0.524,0.106
hdac2,AutoDock Vina,0.5,0.0,180,10352,52,0.0,0.0,0.0,0.497,0.0,-0.009,-0.008,0.0,0.691,0.241
hdac2,AutoDock Vina,1.0,11.893,180,10352,104,21.507,0.936,14.733,0.556,20.679,0.146,0.141,11.893,0.691,0.241
hdac2,AutoDock Vina,5.0,8.395,180,10352,518,75.613,0.906,9.659,0.688,42.007,0.226,0.196,8.395,0.691,0.241
adrb2,AutoDock Vina,0.5,0.0,231,14649,74,0.0,0.0,0.0,0.497,0.0,-0.009,-0.008,0.0,0.717,0.008
adrb2,AutoDock Vina,1.0,0.0,231,14649,147,0.0,0.0,0.0,0.495,0.0,-0.013,-0.012,0.0,0.717,0.008
adrb2,AutoDock Vina,5.0,2.381,231,14649,733,27.521,0.709,2.435,0.535,11.914,0.04,0.034,2.381,0.717,0.008
ppara,AutoDock Vina,0.5,0.0,371,16295,82,0.0,0.0,0.0,0.497,0.0,-0.011,-0.008,0.0,0.847,0.045
ppara,AutoDock Vina,1.0,0.0,371,16295,163,0.0,0.0,0.0,0.495,0.0,-0.015,-0.014,0.0,0.847,0.045
ppara,AutoDock Vina,5.0,2.987,371,16295,815,55.426,0.758,3.132,0.551,14.94,0.07,0.064,2.987,0.847,0.045
fgfr1,AutoDock Vina,0.5,0.0,129,435,3,0.0,0.0,0.0,0.495,0.0,-0.054,-0.014,0.0,0.564,0.002
fgfr1,AutoDock Vina,1.0,0.0,129,435,5,0.0,0.0,0.0,0.492,0.0,-0.07,-0.023,0.0,0.564,0.002
fgfr1,AutoDock Vina,5.0,0.0,129,435,22,0.0,0.0,0.0,0.464,0.0,-0.15,-0.095,0.0,0.564,0.002
inha,AutoDock Vina,0.5,38.75,43,2329,12,8.585,0.993,133.659,0.599,71.544,0.373,0.307,38.75,0.666,0.601
inha,AutoDock Vina,1.0,19.375,43,2329,24,8.585,0.967,29.609,0.596,35.772,0.257,0.246,19.375,0.666,0.601
inha,AutoDock Vina,5.0,4.844,43,2329,117,10.464,0.839,5.222,0.598,24.334,0.121,0.107,4.844,0.666,0.601
kif11,AutoDock Vina,0.5,0.0,116,6837,35,0.0,0.0,0.0,0.497,0.0,-0.009,-0.008,0.0,0.895,0.052
kif11,AutoDock Vina,1.0,0.0,116,6837,69,0.0,0.0,0.0,0.495,0.0,-0.013,-0.013,0.0,0.895,0.052
kif11,AutoDock Vina,5.0,3.705,116,6837,342,21.498,0.795,3.886,0.569,18.533,0.082,0.07,3.705,0.895,0.052
ace,AutoDock Vina,0.5,0.0,278,17051,86,0.0,0.0,0.0,0.497,0.0,-0.009,-0.008,0.0,0.327,0.038
ace,AutoDock Vina,1.0,0.0,278,17051,171,0.0,0.0,0.0,0.495,0.0,-0.013,-0.013,0.0,0.327,0.038
ace,AutoDock Vina,5.0,1.111,278,17051,853,15.451,0.527,1.113,0.503,5.558,0.003,0.003,1.111,0.327,0.038
lck,TankBind,0.5,0.0,416,27305,137,0.0,0.0,0.0,0.497,0.0,-0.009,-0.008,0.0,0.597,0.005
lck,TankBind,1.0,0.0,416,27305,274,0.0,0.0,0.0,0.495,0.0,-0.013,-0.012,0.0,0.597,0.005
lck,TankBind,5.0,0.502,416,27305,1366,10.44,0.332,0.498,0.487,2.51,-0.014,-0.012,0.502,0.597,0.005
hdac2,TankBind,0.5,0.0,180,10352,52,0.0,0.0,0.0,0.497,0.0,-0.009,-0.008,0.0,0.584,0.017
hdac2,TankBind,1.0,0.0,180,10352,104,0.0,0.0,0.0,0.495,0.0,-0.013,-0.013,0.0,0.584,0.017
hdac2,TankBind,5.0,1.518,180,10352,518,13.668,0.605,1.532,0.513,7.593,0.016,0.014,1.518,0.584,0.017
braf,TankBind,0.5,5.042,150,9887,50,3.824,0.843,5.376,0.51,7.649,0.036,0.031,5.042,0.889,0.272
braf,TankBind,1.0,7.562,150,9887,99,11.359,0.894,8.413,0.533,11.473,0.082,0.08,7.562,0.889,0.272
braf,TankBind,5.0,6.05,150,9887,495,45.435,0.868,6.56,0.628,30.29,0.144,0.12,6.05,0.889,0.272
kif11,TankBind,0.5,5.038,116,6837,35,2.991,0.844,5.415,0.511,8.547,0.038,0.032,5.037,0.668,0.144
kif11,TankBind,1.0,5.038,116,6837,69,5.897,0.844,5.415,0.521,8.547,0.054,0.052,5.037,0.668,0.144
kif11,TankBind,5.0,2.519,116,6837,342,14.615,0.721,2.587,0.539,12.599,0.046,0.039,2.519,0.668,0.144
adrb2,TankBind,0.5,0.0,231,14649,74,0.0,0.0,0.0,0.497,0.0,-0.009,-0.008,0.0,0.487,0.063
adrb2,TankBind,1.0,0.0,231,14649,147,0.0,0.0,0.0,0.495,0.0,-0.013,-0.012,0.0,0.487,0.063
adrb2,TankBind,5.0,2.524,231,14649,733,29.176,0.721,2.587,0.539,12.63,0.044,0.037,2.524,0.487,0.063
cdk2,TankBind,0.5,0.0,471,27755,139,0.0,0.0,0.0,0.497,0.0,-0.009,-0.008,0.0,0.581,0.03
cdk2,TankBind,1.0,0.0,471,27755,278,0.0,0.0,0.0,0.495,0.0,-0.013,-0.013,0.0,0.581,0.03
cdk2,TankBind,5.0,1.014,471,27755,1388,23.874,0.503,1.014,0.5,5.069,0.0,0.0,1.014,0.581,0.03
pparg,TankBind,0.5,0.0,482,24949,125,0.0,0.0,0.0,0.497,0.0,-0.01,-0.008,0.0,0.437,0.003
pparg,TankBind,1.0,0.0,482,24949,250,0.0,0.0,0.0,0.495,0.0,-0.014,-0.013,0.0,0.437,0.003
pparg,TankBind,5.0,0.5,482,24949,1248,12.055,0.331,0.495,0.487,2.501,-0.016,-0.014,0.5,0.437,0.003
src,TankBind,0.5,0.0,519,34158,171,0.0,0.0,0.0,0.497,0.0,-0.009,-0.008,0.0,0.514,0.019
src,TankBind,1.0,0.0,519,34158,342,0.0,0.0,0.0,0.495,0.0,-0.012,-0.012,0.0,0.514,0.019
src,TankBind,5.0,2.02,519,34158,1708,52.422,0.672,2.052,0.526,10.101,0.029,0.024,2.02,0.514,0.019
ace,TankBind,0.5,10.292,278,17051,86,14.43,0.924,12.165,0.524,16.78,0.085,0.072,10.292,0.906,0.395
ace,TankBind,1.0,12.865,278,17051,171,35.866,0.941,16.014,0.56,20.974,0.154,0.149,12.865,0.906,0.395
ace,TankBind,5.0,9.111,278,17051,853,126.705,0.913,10.526,0.706,45.577,0.24,0.204,9.111,0.906,0.395
egfr,TankBind,0.5,0.0,540,34875,175,0.0,0.0,0.0,0.497,0.0,-0.009,-0.008,0.0,0.606,0.082
egfr,TankBind,1.0,2.512,540,34875,349,13.577,0.72,2.574,0.508,3.89,0.019,0.019,2.512,0.606,0.082
egfr,TankBind,5.0,1.508,540,34875,1744,40.708,0.603,1.52,0.513,7.539,0.015,0.012,1.508,0.606,0.082
inha,TankBind,0.5,0.0,43,2329,12,0.0,0.0,0.0,0.497,0.0,-0.01,-0.008,0.0,0.273,0.0
inha,TankBind,1.0,0.0,43,2329,24,0.0,0.0,0.0,0.495,0.0,-0.014,-0.013,0.0,0.273,0.0
inha,TankBind,5.0,0.0,43,2329,117,0.0,0.0,0.0,0.474,0.0,-0.032,-0.028,0.0,0.273,0.0
akt1,TankBind,0.5,0.0,292,16176,81,0.0,0.0,0.0,0.497,0.0,-0.01,-0.008,0.0,0.755,0.224
akt1,TankBind,1.0,8.066,292,16176,162,23.587,0.903,9.27,0.536,14.56,0.096,0.092,8.066,0.755,0.224
akt1,TankBind,5.0,5.013,292,16176,809,73.204,0.844,5.412,0.602,25.07,0.125,0.109,5.013,0.755,0.224
igf1r,TankBind,0.5,0.0,147,9044,46,0.0,0.0,0.0,0.497,0.0,-0.009,-0.008,0.0,0.753,0.114
igf1r,TankBind,1.0,2.643,147,9044,91,3.91,0.731,2.717,0.508,4.296,0.021,0.021,2.643,0.753,0.114
igf1r,TankBind,5.0,5.013,147,9044,453,36.91,0.843,5.369,0.602,25.109,0.118,0.101,5.013,0.753,0.114
fgfr1,TankBind,0.5,0.0,129,435,3,0.0,0.0,0.0,0.495,0.0,-0.054,-0.014,0.0,0.574,0.048
fgfr1,TankBind,1.0,0.0,129,435,5,0.0,0.0,0.0,0.492,0.0,-0.07,-0.023,0.0,0.574,0.048
fgfr1,TankBind,5.0,2.033,129,435,22,13.262,0.783,3.6,0.537,60.282,0.155,0.098,2.033,0.574,0.048
ppara,TankBind,0.5,0.0,371,16295,82,0.0,0.0,0.0,0.497,0.0,-0.011,-0.008,0.0,0.171,0.0
ppara,TankBind,1.0,0.0,371,16295,163,0.0,0.0,0.0,0.495,0.0,-0.015,-0.014,0.0,0.171,0.0
ppara,TankBind,5.0,0.0,371,16295,815,0.0,0.0,0.0,0.474,0.0,-0.035,-0.032,0.0,0.171,0.0
hdac8,TankBind,0.5,0.0,164,10481,53,0.0,0.0,0.0,0.497,0.0,-0.009,-0.008,0.0,0.415,0.004
hdac8,TankBind,1.0,0.0,164,10481,105,0.0,0.0,0.0,0.495,0.0,-0.013,-0.012,0.0,0.415,0.004
hdac8,TankBind,5.0,0.506,164,10481,525,4.155,0.334,0.502,0.487,2.533,-0.014,-0.012,0.506,0.415,0.004
lck,TranformerCPI,0.5,0.0,416,27305,137,0.0,0.0,0.0,0.497,0.0,-0.009,-0.008,0.0,0.66,0.048
lck,TranformerCPI,1.0,0.0,416,27305,274,0.0,0.0,0.0,0.495,0.0,-0.013,-0.012,0.0,0.66,0.048
lck,TranformerCPI,5.0,3.01,416,27305,1366,62.642,0.756,3.107,0.551,15.058,0.057,0.048,3.01,0.66,0.048
hdac2,TranformerCPI,0.5,0.0,180,10352,52,0.0,0.0,0.0,0.497,0.0,-0.009,-0.008,0.0,0.468,0.011
hdac2,TranformerCPI,1.0,0.0,180,10352,104,0.0,0.0,0.0,0.495,0.0,-0.013,-0.013,0.0,0.468,0.011
hdac2,TranformerCPI,5.0,1.518,180,10352,518,13.668,0.605,1.532,0.513,7.593,0.016,0.014,1.518,0.468,0.011
braf,TranformerCPI,0.5,5.042,150,9887,50,3.824,0.843,5.376,0.51,7.649,0.036,0.031,5.042,0.69,0.143
braf,TranformerCPI,1.0,5.042,150,9887,99,7.572,0.843,5.376,0.521,7.649,0.05,0.049,5.042,0.69,0.143
braf,TranformerCPI,5.0,2.521,150,9887,495,18.931,0.721,2.581,0.539,12.621,0.043,0.036,2.521,0.69,0.143
kif11,TranformerCPI,0.5,0.0,116,6837,35,0.0,0.0,0.0,0.497,0.0,-0.009,-0.008,0.0,0.381,0.0
kif11,TranformerCPI,1.0,0.0,116,6837,69,0.0,0.0,0.0,0.495,0.0,-0.013,-0.013,0.0,0.381,0.0
kif11,TranformerCPI,5.0,0.0,116,6837,342,0.0,0.0,0.0,0.475,0.0,-0.03,-0.026,0.0,0.381,0.0
adrb2,TranformerCPI,0.5,0.0,231,14649,74,0.0,0.0,0.0,0.497,0.0,-0.009,-0.008,0.0,0.544,0.04
adrb2,TranformerCPI,1.0,0.0,231,14649,147,0.0,0.0,0.0,0.495,0.0,-0.013,-0.012,0.0,0.544,0.04
adrb2,TranformerCPI,5.0,1.514,231,14649,733,17.505,0.604,1.527,0.513,7.578,0.015,0.013,1.514,0.544,0.04
cdk2,TranformerCPI,0.5,0.0,471,27755,139,0.0,0.0,0.0,0.497,0.0,-0.009,-0.008,0.0,0.522,0.155
cdk2,TranformerCPI,1.0,8.155,471,27755,278,38.47,0.903,9.304,0.536,13.838,0.095,0.091,8.155,0.522,0.155
cdk2,TranformerCPI,5.0,2.027,471,27755,1388,47.747,0.674,2.064,0.526,10.137,0.031,0.027,2.027,0.522,0.155
pparg,TranformerCPI,0.5,0.0,482,24949,125,0.0,0.0,0.0,0.497,0.0,-0.01,-0.008,0.0,0.459,0.001
pparg,TranformerCPI,1.0,0.0,482,24949,250,0.0,0.0,0.0,0.495,0.0,-0.014,-0.013,0.0,0.459,0.001
pparg,TranformerCPI,5.0,0.0,482,24949,1248,0.0,0.0,0.0,0.474,0.0,-0.032,-0.029,0.0,0.459,0.001
src,TranformerCPI,0.5,15.15,519,34158,171,39.363,0.951,19.381,0.536,23.019,0.125,0.107,15.15,0.692,0.313
src,TranformerCPI,1.0,10.1,519,34158,342,52.483,0.922,11.75,0.546,15.346,0.114,0.111,10.1,0.692,0.313
src,TranformerCPI,5.0,4.545,519,34158,1708,117.95,0.828,4.808,0.59,22.726,0.101,0.085,4.545,0.692,0.313
ace,TranformerCPI,0.5,0.0,278,17051,86,0.0,0.0,0.0,0.497,0.0,-0.009,-0.008,0.0,0.322,0.0
ace,TranformerCPI,1.0,0.0,278,17051,171,0.0,0.0,0.0,0.495,0.0,-0.013,-0.013,0.0,0.322,0.0
ace,TranformerCPI,5.0,0.0,278,17051,853,0.0,0.0,0.0,0.475,0.0,-0.03,-0.025,0.0,0.322,0.0
egfr,TranformerCPI,0.5,10.05,540,34875,175,27.232,0.921,11.718,0.523,15.561,0.081,0.069,10.05,0.745,0.202
egfr,TranformerCPI,1.0,5.025,540,34875,349,27.154,0.843,5.365,0.52,7.781,0.051,0.05,5.025,0.745,0.202
egfr,TranformerCPI,5.0,5.025,540,34875,1744,135.694,0.843,5.365,0.602,25.129,0.116,0.097,5.025,0.745,0.202
inha,TranformerCPI,0.5,0.0,43,2329,12,0.0,0.0,0.0,0.497,0.0,-0.01,-0.008,0.0,0.191,0.0
inha,TranformerCPI,1.0,0.0,43,2329,24,0.0,0.0,0.0,0.495,0.0,-0.014,-0.013,0.0,0.191,0.0
inha,TranformerCPI,5.0,0.0,43,2329,117,0.0,0.0,0.0,0.474,0.0,-0.032,-0.028,0.0,0.191,0.0
akt1,TranformerCPI,0.5,11.83,292,16176,81,17.297,0.937,14.771,0.528,21.355,0.104,0.086,11.83,0.784,0.284
akt1,TranformerCPI,1.0,8.066,292,16176,162,23.587,0.903,9.27,0.536,14.56,0.096,0.092,8.066,0.784,0.284
akt1,TranformerCPI,5.0,5.514,292,16176,809,80.524,0.857,6.013,0.615,27.577,0.14,0.123,5.514,0.784,0.284
igf1r,TranformerCPI,0.5,5.815,147,9044,46,4.348,0.863,6.318,0.512,9.452,0.044,0.038,5.815,0.786,0.336
igf1r,TranformerCPI,1.0,10.573,147,9044,91,15.638,0.926,12.559,0.549,17.185,0.124,0.12,10.573,0.786,0.336
igf1r,TranformerCPI,5.0,6.016,147,9044,453,44.292,0.868,6.559,0.628,30.131,0.148,0.126,6.016,0.786,0.336
fgfr1,TranformerCPI,0.5,0.0,129,435,3,0.0,0.0,0.0,0.495,0.0,-0.054,-0.014,0.0,0.757,0.01
fgfr1,TranformerCPI,1.0,0.0,129,435,5,0.0,0.0,0.0,0.492,0.0,-0.07,-0.023,0.0,0.757,0.01
fgfr1,TranformerCPI,5.0,0.508,129,435,22,3.315,0.296,0.421,0.482,15.07,-0.074,-0.047,0.508,0.757,0.01
ppara,TranformerCPI,0.5,0.0,371,16295,82,0.0,0.0,0.0,0.497,0.0,-0.011,-0.008,0.0,0.432,0.008
ppara,TranformerCPI,1.0,0.0,371,16295,163,0.0,0.0,0.0,0.495,0.0,-0.015,-0.014,0.0,0.432,0.008
ppara,TranformerCPI,5.0,0.5,371,16295,815,9.278,0.331,0.494,0.487,2.501,-0.018,-0.016,0.5,0.432,0.008
hdac8,TranformerCPI,0.5,0.0,164,10481,53,0.0,0.0,0.0,0.497,0.0,-0.009,-0.008,0.0,0.479,0.014
hdac8,TranformerCPI,1.0,0.0,164,10481,105,0.0,0.0,0.0,0.495,0.0,-0.013,-0.012,0.0,0.479,0.014
hdac8,TranformerCPI,5.0,1.011,164,10481,525,8.309,0.503,1.012,0.5,5.067,0.0,0.0,1.011,0.479,0.014
ace,RF-Score-VS@IGN,0.5,30.88,278,17051,86,43.298,0.984,61.177,0.577,50.347,0.274,0.232,30.88,0.981,0.961
ace,RF-Score-VS@IGN,1.0,30.88,278,17051,171,86.093,0.984,61.177,0.652,50.347,0.387,0.376,30.88,0.981,0.961
ace,RF-Score-VS@IGN,5.0,16.43,278,17051,853,228.498,0.957,22.076,0.892,82.193,0.456,0.389,16.43,0.981,0.961
adrb2,RF-Score-VS@IGN,0.5,23.98,231,14649,74,27.982,0.974,37.954,0.559,37.814,0.207,0.177,23.98,0.824,0.573
adrb2,RF-Score-VS@IGN,1.0,16.79,231,14649,147,38.92,0.957,22.476,0.58,26.476,0.201,0.196,16.79,0.824,0.573
adrb2,RF-Score-VS@IGN,5.0,8.43,231,14649,733,97.44,0.905,9.569,0.689,42.182,0.216,0.183,8.43,0.824,0.573
akt1,RF-Score-VS@IGN,0.5,20.21,292,16176,81,29.55,0.969,31.243,0.549,36.482,0.185,0.152,20.21,0.936,0.601
akt1,RF-Score-VS@IGN,1.0,17.68,292,16176,162,51.702,0.962,25.499,0.585,31.915,0.227,0.218,17.68,0.936,0.601
akt1,RF-Score-VS@IGN,5.0,11.62,292,16176,809,169.694,0.935,14.439,0.77,58.114,0.33,0.289,11.62,0.936,0.601
braf,RF-Score-VS@IGN,0.5,4.43,150,9887,50,3.36,0.824,4.677,0.509,6.721,0.03,0.026,4.43,0.866,0.189
braf,RF-Score-VS@IGN,1.0,2.38,150,9887,99,3.575,0.709,2.432,0.507,3.611,0.017,0.017,2.38,0.866,0.189
braf,RF-Score-VS@IGN,5.0,6.1,150,9887,495,45.81,0.869,6.62,0.63,30.54,0.145,0.122,6.1,0.866,0.189
cdk2,RF-Score-VS@IGN,0.5,19.93,471,27755,139,47.011,0.967,29.604,0.548,33.821,0.176,0.148,19.93,0.746,0.309
cdk2,RF-Score-VS@IGN,1.0,9.97,471,27755,278,47.035,0.922,11.797,0.546,16.919,0.119,0.114,9.97,0.746,0.309
cdk2,RF-Score-VS@IGN,5.0,4.49,471,27755,1388,105.759,0.827,4.778,0.589,22.454,0.105,0.091,4.49,0.746,0.309
egfr,RF-Score-VS@IGN,0.5,0.0,540,34875,175,0.0,0.0,0.0,0.497,0.0,-0.009,-0.008,0.0,0.672,0.089
egfr,RF-Score-VS@IGN,1.0,0.0,540,34875,349,0.0,0.0,0.0,0.495,0.0,-0.013,-0.012,0.0,0.672,0.089
egfr,RF-Score-VS@IGN,5.0,4.05,540,34875,1744,109.366,0.81,4.254,0.577,20.253,0.088,0.074,4.05,0.672,0.089
fgfr1,RF-Score-VS@IGN,0.5,9.63,129,435,3,8.567,1.377,-3.65,0.542,285.579,0.467,0.118,9.63,0.871,0.423
fgfr1,RF-Score-VS@IGN,1.0,9.63,129,435,5,14.279,1.377,-3.65,0.571,285.579,0.604,0.195,9.63,0.871,0.423
fgfr1,RF-Score-VS@IGN,5.0,8.96,129,435,22,58.456,1.357,-3.804,0.786,265.71,1.193,0.753,8.96,0.871,0.423
hdac2,RF-Score-VS@IGN,0.5,26.01,180,10352,52,23.518,0.979,46.66,0.564,45.226,0.236,0.196,26.01,0.899,0.764
hdac2,RF-Score-VS@IGN,1.0,25.68,180,10352,104,46.438,0.979,45.591,0.626,44.652,0.331,0.318,25.68,0.899,0.764
hdac2,RF-Score-VS@IGN,5.0,10.95,180,10352,518,98.626,0.93,13.29,0.753,54.792,0.304,0.264,10.95,0.899,0.764
hdac8,RF-Score-VS@IGN,0.5,13.22,164,10481,53,10.963,0.943,16.407,0.531,20.686,0.11,0.094,13.22,0.801,0.44
hdac8,RF-Score-VS@IGN,1.0,11.87,164,10481,105,19.502,0.935,14.349,0.555,18.573,0.138,0.134,11.87,0.801,0.44
hdac8,RF-Score-VS@IGN,5.0,7.96,164,10481,525,65.39,0.899,8.95,0.677,39.872,0.202,0.17,7.96,0.801,0.44
igf1r,RF-Score-VS@IGN,0.5,19.86,147,9044,46,14.849,0.966,28.85,0.549,32.28,0.173,0.147,19.86,0.917,0.473
igf1r,RF-Score-VS@IGN,1.0,12.41,147,9044,91,18.356,0.939,15.293,0.558,20.171,0.148,0.144,12.41,0.917,0.473
igf1r,RF-Score-VS@IGN,5.0,9.09,147,9044,453,66.93,0.913,10.492,0.706,45.53,0.239,0.204,9.09,0.917,0.473
inha,RF-Score-VS@IGN,0.5,0.0,43,2329,12,0.0,0.0,0.0,0.497,0.0,-0.01,-0.008,0.0,0.551,0.005
inha,RF-Score-VS@IGN,1.0,0.0,43,2329,24,0.0,0.0,0.0,0.495,0.0,-0.014,-0.013,0.0,0.551,0.005
inha,RF-Score-VS@IGN,5.0,0.49,43,2329,117,1.058,0.327,0.485,0.487,2.462,-0.016,-0.014,0.49,0.551,0.005
kif11,RF-Score-VS@IGN,0.5,30.23,116,6837,35,17.951,0.984,61.008,0.576,51.29,0.275,0.232,30.23,0.957,0.841
kif11,RF-Score-VS@IGN,1.0,27.9,116,6837,69,32.662,0.981,52.079,0.638,47.337,0.357,0.345,27.9,0.957,0.841
kif11,RF-Score-VS@IGN,5.0,13.87,116,6837,342,80.481,0.947,17.831,0.827,69.38,0.388,0.335,13.87,0.957,0.841
lck,RF-Score-VS@IGN,0.5,21.48,416,27305,137,44.834,0.969,31.442,0.552,32.725,0.181,0.156,21.48,0.892,0.471
lck,RF-Score-VS@IGN,1.0,16.19,416,27305,274,67.585,0.955,21.164,0.577,24.666,0.19,0.186,16.19,0.892,0.471
lck,RF-Score-VS@IGN,5.0,5.92,416,27305,1366,123.204,0.865,6.408,0.625,29.616,0.14,0.118,5.92,0.892,0.471
ppara,RF-Score-VS@IGN,0.5,24.96,371,16295,82,46.599,0.983,56.499,0.562,56.828,0.26,0.199,24.96,0.891,0.602
ppara,RF-Score-VS@IGN,1.0,17.47,371,16295,163,64.834,0.966,28.348,0.584,39.775,0.253,0.232,17.47,0.891,0.602
ppara,RF-Score-VS@IGN,5.0,9.98,371,16295,815,185.186,0.927,12.62,0.73,49.915,0.315,0.29,9.98,0.891,0.602
pparg,RF-Score-VS@IGN,0.5,14.25,482,24949,125,34.413,0.951,19.283,0.534,27.53,0.132,0.106,14.25,0.825,0.494
pparg,RF-Score-VS@IGN,1.0,14.25,482,24949,250,68.825,0.951,19.283,0.568,27.53,0.187,0.177,14.25,0.825,0.494
pparg,RF-Score-VS@IGN,5.0,9.0,482,24949,1248,216.996,0.914,10.684,0.704,45.02,0.258,0.229,9.0,0.825,0.494
src,RF-Score-VS@IGN,0.5,8.87,519,34158,171,23.046,0.91,10.096,0.52,13.477,0.069,0.06,8.87,0.739,0.262
src,RF-Score-VS@IGN,1.0,7.17,519,34158,342,37.258,0.888,7.924,0.531,10.894,0.077,0.075,7.17,0.739,0.262
src,RF-Score-VS@IGN,5.0,5.6,519,34158,1708,145.329,0.858,6.028,0.617,28.002,0.131,0.11,5.6,0.739,0.262
ace,RTMScore@GlideSP,0.5,30.9,278,17051,86,43.326,0.984,61.257,0.577,50.379,0.274,0.232,30.9,0.884,0.909
ace,RTMScore@GlideSP,1.0,30.9,278,17051,171,86.149,0.984,61.257,0.652,50.379,0.387,0.376,30.9,0.884,0.909
ace,RTMScore@GlideSP,5.0,13.456,278,17051,853,187.137,0.944,16.957,0.817,67.316,0.368,0.314,13.456,0.884,0.909
adrb2,RTMScore@GlideSP,0.5,4.737,231,14649,74,5.528,0.834,5.039,0.51,7.47,0.034,0.029,4.737,0.628,0.115
adrb2,RTMScore@GlideSP,1.0,2.369,231,14649,147,5.491,0.708,2.422,0.507,3.736,0.017,0.017,2.369,0.628,0.115
adrb2,RTMScore@GlideSP,5.0,2.992,231,14649,733,34.584,0.756,3.091,0.551,14.971,0.058,0.049,2.992,0.628,0.115
akt1,RTMScore@GlideSP,0.5,25.192,292,16176,81,36.835,0.978,45.369,0.562,45.475,0.233,0.191,25.192,0.695,0.481
akt1,RTMScore@GlideSP,1.0,15.115,292,16176,162,44.201,0.953,20.411,0.572,27.285,0.192,0.184,15.115,0.695,0.481
akt1,RTMScore@GlideSP,5.0,8.198,292,16176,809,119.72,0.904,9.448,0.683,41.0,0.224,0.196,8.198,0.695,0.481
braf,RTMScore@GlideSP,0.5,17.67,150,9887,50,13.404,0.96,23.776,0.543,26.808,0.148,0.127,17.67,0.89,0.429
braf,RTMScore@GlideSP,1.0,11.893,150,9887,99,17.863,0.935,14.291,0.555,18.043,0.136,0.133,11.893,0.89,0.429
braf,RTMScore@GlideSP,5.0,9.125,150,9887,495,68.527,0.913,10.431,0.707,45.685,0.232,0.194,9.125,0.89,0.429
cdk2,RTMScore@GlideSP,0.5,20.496,471,27755,139,48.346,0.969,30.893,0.55,34.782,0.182,0.152,20.496,0.859,0.636
cdk2,RTMScore@GlideSP,1.0,20.496,471,27755,278,96.693,0.969,30.893,0.599,34.782,0.258,0.249,20.496,0.859,0.636
cdk2,RTMScore@GlideSP,5.0,10.76,471,27755,1388,253.444,0.928,12.94,0.748,53.81,0.294,0.254,10.76,0.859,0.636
egfr,RTMScore@GlideSP,0.5,26.462,540,34875,175,71.703,0.978,44.136,0.565,40.973,0.227,0.194,26.462,0.813,0.672
egfr,RTMScore@GlideSP,1.0,21.373,540,34875,349,115.497,0.969,31.45,0.604,33.094,0.257,0.251,21.373,0.813,0.672
egfr,RTMScore@GlideSP,5.0,9.11,540,34875,1744,246.005,0.913,10.442,0.706,45.557,0.233,0.196,9.11,0.813,0.672
fgfr1,RTMScore@GlideSP,0.5,30.333,129,435,3,26.986,1.599,-2.669,0.644,899.53,1.587,0.401,30.333,0.9,0.779
fgfr1,RTMScore@GlideSP,1.0,30.333,129,435,5,44.977,1.599,-2.669,0.74,899.53,2.054,0.664,30.333,0.9,0.779
fgfr1,RTMScore@GlideSP,5.0,10.617,129,435,22,69.267,1.404,-3.476,0.846,314.849,1.441,0.91,10.617,0.9,0.779
hdac2,RTMScore@GlideSP,0.5,12.921,180,10352,52,11.683,0.942,16.375,0.53,22.467,0.113,0.094,12.921,0.729,0.264
hdac2,RTMScore@GlideSP,1.0,9.277,180,10352,104,16.776,0.916,10.869,0.542,16.131,0.111,0.107,9.277,0.729,0.264
hdac2,RTMScore@GlideSP,5.0,3.46,180,10352,518,31.164,0.783,3.617,0.563,17.313,0.075,0.065,3.46,0.729,0.264
hdac8,RTMScore@GlideSP,0.5,0.0,164,10481,53,0.0,0.0,0.0,0.497,0.0,-0.009,-0.008,0.0,0.54,0.0
hdac8,RTMScore@GlideSP,1.0,0.0,164,10481,105,0.0,0.0,0.0,0.495,0.0,-0.013,-0.012,0.0,0.54,0.0
hdac8,RTMScore@GlideSP,5.0,0.0,164,10481,525,0.0,0.0,0.0,0.475,0.0,-0.029,-0.024,0.0,0.54,0.0
igf1r,RTMScore@GlideSP,0.5,20.211,147,9044,46,15.111,0.967,29.609,0.55,32.851,0.177,0.15,20.211,0.551,0.325
igf1r,RTMScore@GlideSP,1.0,10.105,147,9044,91,14.946,0.922,11.894,0.547,16.425,0.118,0.115,10.105,0.551,0.325
igf1r,RTMScore@GlideSP,5.0,3.136,147,9044,453,23.09,0.765,3.251,0.554,15.708,0.063,0.054,3.136,0.551,0.325
inha,RTMScore@GlideSP,0.5,0.0,43,2329,12,0.0,0.0,0.0,0.497,0.0,-0.01,-0.008,0.0,0.616,0.029
inha,RTMScore@GlideSP,1.0,0.0,43,2329,24,0.0,0.0,0.0,0.495,0.0,-0.014,-0.013,0.0,0.616,0.029
inha,RTMScore@GlideSP,5.0,0.989,43,2329,117,2.136,0.497,0.989,0.5,4.968,-0.0,-0.0,0.989,0.616,0.029
kif11,RTMScore@GlideSP,0.5,4.35,116,6837,35,2.583,0.822,4.617,0.509,7.38,0.032,0.027,4.35,0.882,0.15
kif11,RTMScore@GlideSP,1.0,2.342,116,6837,69,2.742,0.706,2.398,0.507,3.974,0.018,0.017,2.342,0.882,0.15
kif11,RTMScore@GlideSP,5.0,3.494,116,6837,342,20.274,0.785,3.651,0.563,17.478,0.075,0.065,3.494,0.882,0.15
lck,RTMScore@GlideSP,0.5,30.769,416,27305,137,64.222,0.983,57.038,0.576,46.878,0.263,0.226,30.769,0.773,0.789
lck,RTMScore@GlideSP,1.0,28.205,416,27305,274,117.741,0.98,48.704,0.639,42.971,0.341,0.333,28.205,0.773,0.789
lck,RTMScore@GlideSP,5.0,11.795,416,27305,1366,245.471,0.934,14.16,0.774,59.007,0.308,0.258,11.795,0.773,0.789
ppara,RTMScore@GlideSP,0.5,28.974,371,16295,82,54.093,0.988,83.197,0.572,65.967,0.304,0.232,28.974,0.703,0.664
ppara,RTMScore@GlideSP,1.0,21.731,371,16295,163,80.647,0.977,42.032,0.606,49.477,0.318,0.292,21.731,0.703,0.664
ppara,RTMScore@GlideSP,5.0,8.641,371,16295,815,160.34,0.913,10.512,0.696,43.218,0.268,0.247,8.641,0.703,0.664
pparg,RTMScore@GlideSP,0.5,9.442,482,24949,125,22.802,0.919,11.326,0.522,18.241,0.084,0.068,9.442,0.72,0.279
pparg,RTMScore@GlideSP,1.0,7.081,482,24949,250,34.2,0.889,8.045,0.531,13.68,0.086,0.081,7.081,0.72,0.279
pparg,RTMScore@GlideSP,5.0,4.472,482,24949,1248,107.823,0.828,4.8,0.589,22.37,0.112,0.1,4.472,0.72,0.279
src,RTMScore@GlideSP,0.5,26.659,519,34158,171,69.265,0.978,44.129,0.565,40.506,0.226,0.195,26.659,0.68,0.643
src,RTMScore@GlideSP,1.0,23.925,519,34158,342,124.323,0.974,37.018,0.617,36.352,0.286,0.28,23.925,0.68,0.643
src,RTMScore@GlideSP,5.0,8.158,519,34158,1708,211.712,0.902,9.171,0.682,40.792,0.204,0.171,8.158,0.68,0.643
ace,Surflex,0.5,4.43,278,17051,86,6.212,0.824,4.697,0.509,7.223,0.031,0.027,4.43,0.704,0.243
ace,Surflex,1.0,9.54,278,17051,171,26.597,0.917,11.113,0.544,15.554,0.111,0.107,9.54,0.704,0.243
ace,Surflex,5.0,5.5,278,17051,853,76.49,0.856,5.943,0.614,27.515,0.133,0.113,5.5,0.704,0.243
adrb2,Surflex,0.5,8.86,231,14649,74,10.339,0.91,10.136,0.52,13.971,0.071,0.061,8.86,0.863,0.301
adrb2,Surflex,1.0,11.92,231,14649,147,27.631,0.935,14.448,0.556,18.797,0.139,0.136,11.92,0.863,0.301
adrb2,Surflex,5.0,5.0,231,14649,733,57.793,0.842,5.342,0.602,25.019,0.116,0.098,5.0,0.863,0.301
akt1,Surflex,0.5,17.71,292,16176,81,25.895,0.962,25.562,0.543,31.969,0.161,0.132,17.71,0.679,0.358
akt1,Surflex,1.0,11.92,292,16176,162,34.858,0.937,14.914,0.556,21.517,0.149,0.143,11.92,0.679,0.358
akt1,Surflex,5.0,5.5,292,16176,809,80.32,0.857,5.996,0.615,27.507,0.14,0.123,5.5,0.679,0.358
braf,Surflex,0.5,0.0,150,9887,50,0.0,0.0,0.0,0.497,0.0,-0.009,-0.008,0.0,0.626,0.033
braf,Surflex,1.0,0.0,150,9887,99,0.0,0.0,0.0,0.495,0.0,-0.012,-0.012,0.0,0.626,0.033
braf,Surflex,5.0,1.0,150,9887,495,7.51,0.5,1.0,0.5,5.007,0.0,0.0,1.0,0.626,0.033
cdk2,Surflex,0.5,8.86,471,27755,139,20.899,0.911,10.251,0.52,15.035,0.073,0.061,8.86,0.659,0.179
cdk2,Surflex,1.0,4.77,471,27755,278,22.503,0.836,5.102,0.519,8.095,0.05,0.048,4.77,0.659,0.179
cdk2,Surflex,5.0,4.0,471,27755,1388,94.217,0.808,4.218,0.576,20.004,0.09,0.078,4.0,0.659,0.179
egfr,Surflex,0.5,4.43,540,34875,175,12.004,0.824,4.683,0.509,6.859,0.031,0.026,4.43,0.578,0.121
egfr,Surflex,1.0,4.77,540,34875,349,25.776,0.835,5.071,0.519,7.386,0.048,0.046,4.77,0.578,0.121
egfr,Surflex,5.0,2.0,540,34875,1744,54.008,0.67,2.032,0.525,10.001,0.029,0.024,2.0,0.578,0.121
fgfr1,Surflex,0.5,4.43,129,435,3,3.941,1.112,-9.933,0.517,131.372,0.186,0.047,4.43,0.73,0.137
fgfr1,Surflex,1.0,4.77,129,435,5,7.073,1.141,-8.094,0.531,141.455,0.264,0.085,4.77,0.73,0.137
fgfr1,Surflex,5.0,3.5,129,435,22,22.834,1.016,-64.909,0.59,103.793,0.375,0.236,3.5,0.73,0.137
hdac2,Surflex,0.5,17.71,180,10352,52,16.013,0.962,25.145,0.543,30.794,0.158,0.131,17.71,0.766,0.417
hdac2,Surflex,1.0,16.69,180,10352,104,30.181,0.959,23.105,0.58,29.02,0.21,0.202,16.69,0.766,0.417
hdac2,Surflex,5.0,5.5,180,10352,518,49.538,0.857,5.976,0.615,27.521,0.137,0.119,5.5,0.766,0.417
hdac8,Surflex,0.5,4.43,164,10481,53,3.674,0.824,4.685,0.509,6.932,0.031,0.026,4.43,0.572,0.145
hdac8,Surflex,1.0,7.15,164,10481,105,11.747,0.888,7.925,0.531,11.188,0.078,0.076,7.15,0.572,0.145
hdac8,Surflex,5.0,2.0,164,10481,525,16.43,0.67,2.032,0.525,10.018,0.029,0.024,2.0,0.572,0.145
igf1r,Surflex,0.5,0.0,147,9044,46,0.0,0.0,0.0,0.497,0.0,-0.009,-0.008,0.0,0.586,0.021
igf1r,Surflex,1.0,0.0,147,9044,91,0.0,0.0,0.0,0.495,0.0,-0.013,-0.013,0.0,0.586,0.021
igf1r,Surflex,5.0,0.5,147,9044,453,3.682,0.332,0.496,0.487,2.504,-0.015,-0.013,0.5,0.586,0.021
inha,Surflex,0.5,13.29,43,2329,12,2.944,0.945,17.286,0.532,24.537,0.121,0.1,13.29,0.607,0.246
inha,Surflex,1.0,9.54,43,2329,24,4.227,0.919,11.366,0.545,17.614,0.12,0.114,9.54,0.607,0.246
inha,Surflex,5.0,4.5,43,2329,117,9.721,0.828,4.817,0.59,22.606,0.11,0.097,4.5,0.607,0.246
kif11,Surflex,0.5,8.86,116,6837,35,5.261,0.911,10.251,0.52,15.032,0.074,0.062,8.86,0.799,0.219
kif11,Surflex,1.0,9.54,116,6837,69,11.168,0.918,11.189,0.544,16.186,0.113,0.109,9.54,0.799,0.219
kif11,Surflex,5.0,3.0,116,6837,342,17.408,0.757,3.107,0.551,15.007,0.06,0.052,3.0,0.799,0.219
lck,Surflex,0.5,8.86,416,27305,137,18.493,0.91,10.087,0.52,13.498,0.069,0.06,8.86,0.694,0.274
lck,Surflex,1.0,7.15,416,27305,274,29.847,0.888,7.902,0.531,10.893,0.077,0.075,7.15,0.694,0.274
lck,Surflex,5.0,4.5,416,27305,1366,93.651,0.826,4.758,0.589,22.512,0.1,0.084,4.5,0.694,0.274
ppara,Surflex,0.5,13.29,371,16295,82,24.812,0.949,18.622,0.532,30.258,0.133,0.102,13.29,0.78,0.219
ppara,Surflex,1.0,7.15,371,16295,163,26.535,0.893,8.346,0.531,16.279,0.094,0.087,7.15,0.78,0.219
ppara,Surflex,5.0,4.0,371,16295,815,74.223,0.811,4.301,0.577,20.006,0.105,0.097,4.0,0.78,0.219
pparg,Surflex,0.5,13.29,482,24949,125,32.094,0.946,17.536,0.531,25.675,0.122,0.099,13.29,0.673,0.331
pparg,Surflex,1.0,9.54,482,24949,250,46.077,0.92,11.47,0.544,18.431,0.121,0.114,9.54,0.673,0.331
pparg,Surflex,5.0,5.0,482,24949,1248,120.553,0.844,5.428,0.602,25.011,0.129,0.115,5.0,0.673,0.331
src,Surflex,0.5,13.29,519,34158,171,34.53,0.943,16.4,0.531,20.193,0.108,0.093,13.29,0.586,0.226
src,Surflex,1.0,7.15,519,34158,342,37.154,0.888,7.9,0.531,10.864,0.077,0.075,7.15,0.586,0.226
src,Surflex,5.0,3.0,519,34158,1708,77.855,0.756,3.096,0.551,15.001,0.057,0.048,3.0,0.586,0.226
CDK2,DLIGAND2,1.0,0.0,471,27755,278,0.0,0.0,0.0,0.495,0.0,-0.013,-0.013,0.0,,
EGFR,DLIGAND2,1.0,2.44,540,34875,349,13.185,0.714,2.497,0.507,3.778,0.018,0.018,2.44,,
AKT1,DLIGAND2,1.0,4.88,292,16176,162,14.271,0.84,5.255,0.52,8.809,0.053,0.051,4.88,,
PPARG,DLIGAND2,1.0,2.44,482,24949,250,11.785,0.715,2.511,0.507,4.714,0.02,0.019,2.44,,
SRC,DLIGAND2,1.0,2.61,519,34158,342,13.563,0.728,2.676,0.508,3.966,0.02,0.02,2.61,,
ppara,GlideSP@GlideSP,1.0,2.5,371,16295,163,9.278,0.721,2.591,0.508,5.692,0.023,0.021,2.5,0.705,0.054
hdac2,GlideSP@GlideSP,1.0,23.35,180,10352,104,42.225,0.975,38.627,0.614,40.601,0.3,0.288,23.35,0.733,0.56
inha,GlideSP@GlideSP,1.0,18.85,43,2329,24,8.353,0.966,28.378,0.594,34.802,0.25,0.239,18.85,0.556,0.564
kif11,GlideSP@GlideSP,1.0,16.28,116,6837,69,19.059,0.957,22.111,0.578,27.621,0.203,0.196,16.28,0.907,0.558
cdk2,GlideSP@GlideSP,1.0,7.48,471,27755,278,35.288,0.894,8.422,0.533,12.693,0.086,0.083,7.48,0.852,0.218
akt1,GlideSP@GlideSP,1.0,7.58,292,16176,162,22.166,0.896,8.623,0.534,13.683,0.09,0.086,7.58,0.733,0.187
igf1r,GlideSP@GlideSP,1.0,4.97,147,9044,91,7.351,0.842,5.319,0.52,8.078,0.051,0.05,4.97,0.75,0.218
adrb2,GlideSP@GlideSP,1.0,4.8,231,14649,147,11.127,0.836,5.111,0.519,7.569,0.048,0.047,4.8,0.843,0.264
egfr,GlideSP@GlideSP,1.0,4.75,540,34875,349,25.668,0.835,5.048,0.519,7.355,0.047,0.046,4.75,0.794,0.207
hdac8,GlideSP@GlideSP,1.0,2.37,164,10481,105,3.894,0.708,2.423,0.507,3.708,0.017,0.017,2.37,0.654,0.055
fgfr1,GlideSP@GlideSP,1.0,14.74,129,435,5,21.856,1.482,-3.076,0.612,437.117,0.962,0.311,14.74,0.758,0.504
braf,GlideSP@GlideSP,1.0,4.77,150,9887,99,7.164,0.835,5.064,0.519,7.237,0.047,0.046,4.77,0.713,0.105
src,GlideSP@GlideSP,1.0,2.39,519,34158,342,12.419,0.71,2.442,0.507,3.631,0.017,0.017,2.39,0.632,0.134
pparg,GlideSP@GlideSP,1.0,2.38,482,24949,250,11.495,0.71,2.447,0.507,4.598,0.019,0.018,2.38,0.611,0.081
ace,GlideSP@GlideSP,1.0,21.38,278,17051,171,59.607,0.97,32.286,0.604,34.858,0.264,0.256,21.38,0.882,0.702
lck,GlideSP@GlideSP,1.0,6.95,416,27305,274,29.013,0.884,7.655,0.53,10.589,0.075,0.073,6.95,0.768,0.227
ppara,deltaVinaRF20@GlideSP,1.0,0.0,371,16295,163,0.0,0.0,0.0,0.495,0.0,-0.015,-0.014,0.0,0.572,0.028
hdac2,deltaVinaRF20@GlideSP,1.0,14.01,180,10352,104,25.335,0.948,18.2,0.567,24.361,0.174,0.168,14.01,0.803,0.414
inha,deltaVinaRF20@GlideSP,1.0,7.06,43,2329,24,3.128,0.888,7.968,0.532,13.035,0.085,0.081,7.06,0.522,0.189
kif11,deltaVinaRF20@GlideSP,1.0,18.6,116,6837,69,21.775,0.964,26.715,0.59,31.558,0.233,0.226,18.6,0.813,0.487
cdk2,deltaVinaRF20@GlideSP,1.0,4.98,471,27755,278,23.494,0.842,5.347,0.52,8.451,0.053,0.051,4.98,0.69,0.148
akt1,deltaVinaRF20@GlideSP,1.0,0.0,292,16176,162,0.0,0.0,0.0,0.495,0.0,-0.014,-0.013,0.0,0.616,0.03
igf1r,deltaVinaRF20@GlideSP,1.0,2.48,147,9044,91,3.668,0.718,2.542,0.508,4.031,0.019,0.019,2.48,0.578,0.045
adrb2,deltaVinaRF20@GlideSP,1.0,2.4,231,14649,147,5.563,0.711,2.455,0.507,3.785,0.018,0.017,2.4,0.621,0.088
egfr,deltaVinaRF20@GlideSP,1.0,2.38,540,34875,349,12.861,0.709,2.433,0.507,3.685,0.017,0.017,2.38,0.644,0.1
hdac8,deltaVinaRF20@GlideSP,1.0,0.0,164,10481,105,0.0,0.0,0.0,0.495,0.0,-0.013,-0.012,0.0,0.699,0.035
fgfr1,deltaVinaRF20@GlideSP,1.0,0.0,129,435,5,0.0,0.0,0.0,0.492,0.0,-0.07,-0.023,0.0,0.662,0.009
braf,deltaVinaRF20@GlideSP,1.0,2.38,150,9887,99,3.575,0.709,2.432,0.507,3.611,0.017,0.017,2.38,0.62,0.096
src,deltaVinaRF20@GlideSP,1.0,0.0,519,34158,342,0.0,0.0,0.0,0.495,0.0,-0.012,-0.012,0.0,0.487,0.0
pparg,deltaVinaRF20@GlideSP,1.0,0.0,482,24949,250,0.0,0.0,0.0,0.495,0.0,-0.014,-0.013,0.0,0.556,0.023
ace,deltaVinaRF20@GlideSP,1.0,2.35,278,17051,171,6.552,0.706,2.404,0.507,3.831,0.017,0.017,2.35,0.421,0.062
lck,deltaVinaRF20@GlideSP,1.0,0.0,416,27305,274,0.0,0.0,0.0,0.495,0.0,-0.013,-0.012,0.0,0.488,0.0
ppara,deltaVinaXGB@GlideSP,1.0,0.0,371,16295,163,0.0,0.0,0.0,0.495,0.0,-0.015,-0.014,0.0,0.563,0.0
hdac2,deltaVinaXGB@GlideSP,1.0,7.0,180,10352,104,12.658,0.887,7.832,0.531,12.172,0.08,0.077,7.0,0.819,0.259
inha,deltaVinaXGB@GlideSP,1.0,2.36,43,2329,24,1.046,0.708,2.422,0.507,4.357,0.019,0.018,2.36,0.552,0.099
kif11,deltaVinaXGB@GlideSP,1.0,4.65,116,6837,69,5.444,0.832,4.963,0.519,7.889,0.048,0.047,4.65,0.751,0.152
cdk2,deltaVinaXGB@GlideSP,1.0,7.65,471,27755,278,36.09,0.896,8.642,0.534,12.982,0.088,0.085,7.65,0.678,0.214
akt1,deltaVinaXGB@GlideSP,1.0,0.0,292,16176,162,0.0,0.0,0.0,0.495,0.0,-0.014,-0.013,0.0,0.648,0.021
igf1r,deltaVinaXGB@GlideSP,1.0,2.48,147,9044,91,3.668,0.718,2.542,0.508,4.031,0.019,0.019,2.48,0.431,0.049
adrb2,deltaVinaXGB@GlideSP,1.0,2.4,231,14649,147,5.563,0.711,2.455,0.507,3.785,0.018,0.017,2.4,0.683,0.08
egfr,deltaVinaXGB@GlideSP,1.0,2.38,540,34875,349,12.861,0.709,2.433,0.507,3.685,0.017,0.017,2.38,0.619,0.08
hdac8,deltaVinaXGB@GlideSP,1.0,0.0,164,10481,105,0.0,0.0,0.0,0.495,0.0,-0.013,-0.012,0.0,0.57,0.011
fgfr1,deltaVinaXGB@GlideSP,1.0,0.0,129,435,5,0.0,0.0,0.0,0.492,0.0,-0.07,-0.023,0.0,0.691,0.036
braf,deltaVinaXGB@GlideSP,1.0,2.38,150,9887,99,3.575,0.709,2.432,0.507,3.611,0.017,0.017,2.38,0.565,0.076
src,deltaVinaXGB@GlideSP,1.0,0.0,519,34158,342,0.0,0.0,0.0,0.495,0.0,-0.012,-0.012,0.0,0.498,0.029
pparg,deltaVinaXGB@GlideSP,1.0,2.38,482,24949,250,11.495,0.71,2.447,0.507,4.598,0.019,0.018,2.38,0.477,0.051
ace,deltaVinaXGB@GlideSP,1.0,7.13,278,17051,171,19.878,0.888,7.936,0.531,11.625,0.079,0.077,7.13,0.546,0.233
lck,deltaVinaXGB@GlideSP,1.0,0.0,416,27305,274,0.0,0.0,0.0,0.495,0.0,-0.013,-0.012,0.0,0.478,0.0
ppara,RF-Score-VS@GlideSP,1.0,24.96,371,16295,163,92.63,0.983,56.499,0.623,56.828,0.368,0.338,24.96,0.864,0.7
hdac2,RF-Score-VS@GlideSP,1.0,7.0,180,10352,104,12.658,0.887,7.832,0.531,12.172,0.08,0.077,7.0,0.785,0.215
inha,RF-Score-VS@GlideSP,1.0,2.36,43,2329,24,1.046,0.708,2.422,0.507,4.357,0.019,0.018,2.36,0.563,0.094
kif11,RF-Score-VS@GlideSP,1.0,23.25,116,6837,69,27.219,0.974,37.745,0.614,39.447,0.295,0.285,23.25,0.919,0.774
cdk2,RF-Score-VS@GlideSP,1.0,12.46,471,27755,278,58.782,0.94,15.533,0.558,21.145,0.151,0.146,12.46,0.731,0.24
akt1,RF-Score-VS@GlideSP,1.0,12.63,292,16176,162,36.934,0.941,16.065,0.559,22.799,0.159,0.152,12.63,0.894,0.43
igf1r,RF-Score-VS@GlideSP,1.0,9.93,147,9044,91,14.687,0.921,11.649,0.546,16.14,0.116,0.112,9.93,0.914,0.482
adrb2,RF-Score-VS@GlideSP,1.0,4.8,231,14649,147,11.127,0.836,5.111,0.519,7.569,0.048,0.047,4.8,0.782,0.197
egfr,RF-Score-VS@GlideSP,1.0,4.75,540,34875,349,25.668,0.835,5.048,0.519,7.355,0.047,0.046,4.75,0.652,0.143
hdac8,RF-Score-VS@GlideSP,1.0,0.0,164,10481,105,0.0,0.0,0.0,0.495,0.0,-0.013,-0.012,0.0,0.639,0.096
fgfr1,RF-Score-VS@GlideSP,1.0,7.37,129,435,5,10.928,1.296,-4.373,0.552,218.559,0.446,0.144,7.37,0.754,0.15
braf,RF-Score-VS@GlideSP,1.0,7.15,150,9887,99,10.739,0.888,7.898,0.531,10.848,0.077,0.075,7.15,0.832,0.24
src,RF-Score-VS@GlideSP,1.0,11.94,519,34158,342,62.045,0.935,14.365,0.556,18.142,0.137,0.134,11.94,0.73,0.324
pparg,RF-Score-VS@GlideSP,1.0,14.25,482,24949,250,68.825,0.951,19.283,0.568,27.53,0.187,0.177,14.25,0.815,0.5
ace,RF-Score-VS@GlideSP,1.0,2.38,278,17051,171,6.635,0.709,2.436,0.507,3.88,0.018,0.017,2.38,0.872,0.156
lck,RF-Score-VS@GlideSP,1.0,11.58,416,27305,274,48.34,0.933,13.846,0.554,17.642,0.132,0.13,11.58,0.852,0.386
ppara,pafnucy@GlideSP,1.0,0.0,371,16295,163,0.0,0.0,0.0,0.495,0.0,-0.015,-0.014,0.0,0.528,0.0
hdac2,pafnucy@GlideSP,1.0,7.0,180,10352,104,12.658,0.887,7.832,0.531,12.172,0.08,0.077,7.0,0.581,0.181
inha,pafnucy@GlideSP,1.0,0.0,43,2329,24,0.0,0.0,0.0,0.495,0.0,-0.014,-0.013,0.0,0.359,0.0
kif11,pafnucy@GlideSP,1.0,2.33,116,6837,69,2.728,0.705,2.385,0.507,3.953,0.018,0.017,2.33,0.68,0.129
cdk2,pafnucy@GlideSP,1.0,4.98,471,27755,278,23.494,0.842,5.347,0.52,8.451,0.053,0.051,4.98,0.712,0.153
akt1,pafnucy@GlideSP,1.0,7.58,292,16176,162,22.166,0.896,8.623,0.534,13.683,0.09,0.086,7.58,0.688,0.238
igf1r,pafnucy@GlideSP,1.0,4.97,147,9044,91,7.351,0.842,5.319,0.52,8.078,0.051,0.05,4.97,0.782,0.158
adrb2,pafnucy@GlideSP,1.0,0.0,231,14649,147,0.0,0.0,0.0,0.495,0.0,-0.013,-0.012,0.0,0.549,0.003
egfr,pafnucy@GlideSP,1.0,0.0,540,34875,349,0.0,0.0,0.0,0.495,0.0,-0.013,-0.012,0.0,0.744,0.098
hdac8,pafnucy@GlideSP,1.0,2.37,164,10481,105,3.894,0.708,2.423,0.507,3.708,0.017,0.017,2.37,0.38,0.049
fgfr1,pafnucy@GlideSP,1.0,7.37,129,435,5,10.928,1.296,-4.373,0.552,218.559,0.446,0.144,7.37,0.841,0.279
braf,pafnucy@GlideSP,1.0,2.38,150,9887,99,3.575,0.709,2.432,0.507,3.611,0.017,0.017,2.38,0.671,0.092
src,pafnucy@GlideSP,1.0,2.39,519,34158,342,12.419,0.71,2.442,0.507,3.631,0.017,0.017,2.39,0.667,0.117
pparg,pafnucy@GlideSP,1.0,0.0,482,24949,250,0.0,0.0,0.0,0.495,0.0,-0.014,-0.013,0.0,0.47,0.021
ace,pafnucy@GlideSP,1.0,4.75,278,17051,171,13.243,0.835,5.065,0.519,7.744,0.049,0.047,4.75,0.411,0.11
lck,pafnucy@GlideSP,1.0,2.32,416,27305,274,9.685,0.703,2.368,0.507,3.535,0.017,0.016,2.32,0.628,0.111
ppara,OnionNet@GlideSP,1.0,0.0,371,16295,163,0.0,0.0,0.0,0.495,0.0,-0.015,-0.014,0.0,0.391,0.018
hdac2,OnionNet@GlideSP,1.0,9.34,180,10352,104,16.89,0.916,10.957,0.543,16.24,0.112,0.108,9.34,0.634,0.198
inha,OnionNet@GlideSP,1.0,2.36,43,2329,24,1.046,0.708,2.422,0.507,4.357,0.019,0.018,2.36,0.478,0.039
kif11,OnionNet@GlideSP,1.0,0.0,116,6837,69,0.0,0.0,0.0,0.495,0.0,-0.013,-0.013,0.0,0.36,0.02
cdk2,OnionNet@GlideSP,1.0,0.0,471,27755,278,0.0,0.0,0.0,0.495,0.0,-0.013,-0.013,0.0,0.57,0.004
akt1,OnionNet@GlideSP,1.0,0.0,292,16176,162,0.0,0.0,0.0,0.495,0.0,-0.014,-0.013,0.0,0.587,0.012
igf1r,OnionNet@GlideSP,1.0,2.48,147,9044,91,3.668,0.718,2.542,0.508,4.031,0.019,0.019,2.48,0.596,0.161
adrb2,OnionNet@GlideSP,1.0,4.8,231,14649,147,11.127,0.836,5.111,0.519,7.569,0.048,0.047,4.8,0.682,0.149
egfr,OnionNet@GlideSP,1.0,4.75,540,34875,349,25.668,0.835,5.048,0.519,7.355,0.047,0.046,4.75,0.547,0.139
hdac8,OnionNet@GlideSP,1.0,2.37,164,10481,105,3.894,0.708,2.423,0.507,3.708,0.017,0.017,2.37,0.406,0.065
fgfr1,OnionNet@GlideSP,1.0,0.0,129,435,5,0.0,0.0,0.0,0.492,0.0,-0.07,-0.023,0.0,0.555,0.009
braf,OnionNet@GlideSP,1.0,2.38,150,9887,99,3.575,0.709,2.432,0.507,3.611,0.017,0.017,2.38,0.568,0.085
src,OnionNet@GlideSP,1.0,2.39,519,34158,342,12.419,0.71,2.442,0.507,3.631,0.017,0.017,2.39,0.474,0.067
pparg,OnionNet@GlideSP,1.0,0.0,482,24949,250,0.0,0.0,0.0,0.495,0.0,-0.014,-0.013,0.0,0.339,0.001
ace,OnionNet@GlideSP,1.0,4.75,278,17051,171,13.243,0.835,5.065,0.519,7.744,0.049,0.047,4.75,0.481,0.127
lck,OnionNet@GlideSP,1.0,0.0,416,27305,274,0.0,0.0,0.0,0.495,0.0,-0.013,-0.012,0.0,0.412,0.0
ppara,RF-Scorev4@GlideSP,1.0,0.0,371,16295,163,0.0,0.0,0.0,0.495,0.0,-0.015,-0.014,0.0,0.611,0.023
hdac2,RF-Scorev4@GlideSP,1.0,2.33,180,10352,104,4.213,0.705,2.386,0.507,4.051,0.018,0.017,2.33,0.674,0.17
inha,RF-Scorev4@GlideSP,1.0,7.07,43,2329,24,3.133,0.889,7.981,0.532,13.053,0.085,0.081,7.07,0.463,0.193
kif11,RF-Scorev4@GlideSP,1.0,2.33,116,6837,69,2.728,0.705,2.385,0.507,3.953,0.018,0.017,2.33,0.727,0.128
cdk2,RF-Scorev4@GlideSP,1.0,0.0,471,27755,278,0.0,0.0,0.0,0.495,0.0,-0.013,-0.013,0.0,0.656,0.05
akt1,RF-Scorev4@GlideSP,1.0,5.05,292,16176,162,14.768,0.845,5.456,0.521,9.116,0.055,0.053,5.05,0.586,0.073
igf1r,RF-Scorev4@GlideSP,1.0,0.0,147,9044,91,0.0,0.0,0.0,0.495,0.0,-0.013,-0.013,0.0,0.733,0.018
adrb2,RF-Scorev4@GlideSP,1.0,9.59,231,14649,147,22.23,0.917,11.12,0.544,15.122,0.109,0.107,9.59,0.64,0.266
egfr,RF-Scorev4@GlideSP,1.0,0.0,540,34875,349,0.0,0.0,0.0,0.495,0.0,-0.013,-0.012,0.0,0.606,0.116
hdac8,RF-Scorev4@GlideSP,1.0,0.0,164,10481,105,0.0,0.0,0.0,0.495,0.0,-0.013,-0.012,0.0,0.322,0.0
fgfr1,RF-Scorev4@GlideSP,1.0,4.91,129,435,5,7.28,1.152,-7.573,0.532,145.607,0.274,0.088,4.91,0.671,0.189
braf,RF-Scorev4@GlideSP,1.0,0.0,150,9887,99,0.0,0.0,0.0,0.495,0.0,-0.012,-0.012,0.0,0.574,0.056
src,RF-Scorev4@GlideSP,1.0,4.78,519,34158,342,24.839,0.835,5.076,0.519,7.263,0.047,0.046,4.78,0.58,0.198
pparg,RF-Scorev4@GlideSP,1.0,2.38,482,24949,250,11.495,0.71,2.447,0.507,4.598,0.019,0.018,2.38,0.641,0.083
ace,RF-Scorev4@GlideSP,1.0,2.38,278,17051,171,6.635,0.709,2.436,0.507,3.88,0.018,0.017,2.38,0.513,0.089
lck,RF-Scorev4@GlideSP,1.0,2.32,416,27305,274,9.685,0.703,2.368,0.507,3.535,0.017,0.016,2.32,0.685,0.146
ppara,RF-Scorev3@GlideSP,1.0,0.0,371,16295,163,0.0,0.0,0.0,0.495,0.0,-0.015,-0.014,0.0,0.675,0.028
hdac2,RF-Scorev3@GlideSP,1.0,7.0,180,10352,104,12.658,0.887,7.832,0.531,12.172,0.08,0.077,7.0,0.711,0.234
inha,RF-Scorev3@GlideSP,1.0,7.07,43,2329,24,3.133,0.889,7.981,0.532,13.053,0.085,0.081,7.07,0.476,0.157
kif11,RF-Scorev3@GlideSP,1.0,9.3,116,6837,69,10.887,0.916,10.855,0.543,15.779,0.11,0.106,9.3,0.851,0.299
cdk2,RF-Scorev3@GlideSP,1.0,0.0,471,27755,278,0.0,0.0,0.0,0.495,0.0,-0.013,-0.013,0.0,0.567,0.054
akt1,RF-Scorev3@GlideSP,1.0,0.0,292,16176,162,0.0,0.0,0.0,0.495,0.0,-0.014,-0.013,0.0,0.395,0.007
igf1r,RF-Scorev3@GlideSP,1.0,2.48,147,9044,91,3.668,0.718,2.542,0.508,4.031,0.019,0.019,2.48,0.513,0.101
adrb2,RF-Scorev3@GlideSP,1.0,2.4,231,14649,147,5.563,0.711,2.455,0.507,3.785,0.018,0.017,2.4,0.661,0.068
egfr,RF-Scorev3@GlideSP,1.0,2.38,540,34875,349,12.861,0.709,2.433,0.507,3.685,0.017,0.017,2.38,0.552,0.089
hdac8,RF-Scorev3@GlideSP,1.0,0.0,164,10481,105,0.0,0.0,0.0,0.495,0.0,-0.013,-0.012,0.0,0.406,0.012
fgfr1,RF-Scorev3@GlideSP,1.0,0.0,129,435,5,0.0,0.0,0.0,0.492,0.0,-0.07,-0.023,0.0,0.512,0.001
braf,RF-Scorev3@GlideSP,1.0,0.0,150,9887,99,0.0,0.0,0.0,0.495,0.0,-0.012,-0.012,0.0,0.598,0.038
src,RF-Scorev3@GlideSP,1.0,0.0,519,34158,342,0.0,0.0,0.0,0.495,0.0,-0.012,-0.012,0.0,0.458,0.004
pparg,RF-Scorev3@GlideSP,1.0,2.38,482,24949,250,11.495,0.71,2.447,0.507,4.598,0.019,0.018,2.38,0.677,0.101
ace,RF-Scorev3@GlideSP,1.0,16.63,278,17051,171,46.364,0.957,22.444,0.58,27.114,0.203,0.197,16.63,0.671,0.479
lck,RF-Scorev3@GlideSP,1.0,2.32,416,27305,274,9.685,0.703,2.368,0.507,3.535,0.017,0.016,2.32,0.476,0.033
ppara,NNscore1.0@GlideSP,1.0,9.98,371,16295,163,37.037,0.927,12.62,0.546,22.722,0.138,0.127,9.98,0.635,0.274
hdac2,NNscore1.0@GlideSP,1.0,2.33,180,10352,104,4.213,0.705,2.386,0.507,4.051,0.018,0.017,2.33,0.609,0.057
inha,NNscore1.0@GlideSP,1.0,0.0,43,2329,24,0.0,0.0,0.0,0.495,0.0,-0.014,-0.013,0.0,0.533,0.001
kif11,NNscore1.0@GlideSP,1.0,2.33,116,6837,69,2.728,0.705,2.385,0.507,3.953,0.018,0.017,2.33,0.741,0.102
cdk2,NNscore1.0@GlideSP,1.0,0.0,471,27755,278,0.0,0.0,0.0,0.495,0.0,-0.013,-0.013,0.0,0.566,0.011
akt1,NNscore1.0@GlideSP,1.0,0.0,292,16176,162,0.0,0.0,0.0,0.495,0.0,-0.014,-0.013,0.0,0.603,0.018
igf1r,NNscore1.0@GlideSP,1.0,0.0,147,9044,91,0.0,0.0,0.0,0.495,0.0,-0.013,-0.013,0.0,0.559,0.028
adrb2,NNscore1.0@GlideSP,1.0,0.0,231,14649,147,0.0,0.0,0.0,0.495,0.0,-0.013,-0.012,0.0,0.697,0.036
egfr,NNscore1.0@GlideSP,1.0,0.0,540,34875,349,0.0,0.0,0.0,0.495,0.0,-0.013,-0.012,0.0,0.539,0.016
hdac8,NNscore1.0@GlideSP,1.0,0.0,164,10481,105,0.0,0.0,0.0,0.495,0.0,-0.013,-0.012,0.0,0.628,0.043
fgfr1,NNscore1.0@GlideSP,1.0,4.91,129,435,5,7.28,1.152,-7.573,0.532,145.607,0.274,0.088,4.91,0.705,0.118
braf,NNscore1.0@GlideSP,1.0,0.0,150,9887,99,0.0,0.0,0.0,0.495,0.0,-0.012,-0.012,0.0,0.624,0.061
src,NNscore1.0@GlideSP,1.0,0.0,519,34158,342,0.0,0.0,0.0,0.495,0.0,-0.012,-0.012,0.0,0.512,0.017
pparg,NNscore1.0@GlideSP,1.0,7.13,482,24949,250,34.437,0.89,8.109,0.531,13.775,0.087,0.082,7.13,0.631,0.202
ace,NNscore1.0@GlideSP,1.0,11.88,278,17051,171,33.121,0.935,14.494,0.555,19.369,0.141,0.137,11.88,0.782,0.348
lck,NNscore1.0@GlideSP,1.0,2.32,416,27305,274,9.685,0.703,2.368,0.507,3.535,0.017,0.016,2.32,0.626,0.059
ppara,NNscore2.0@GlideSP,1.0,7.49,371,16295,163,27.796,0.898,8.824,0.533,17.053,0.1,0.091,7.49,0.751,0.248
hdac2,NNscore2.0@GlideSP,1.0,2.33,180,10352,104,4.213,0.705,2.386,0.507,4.051,0.018,0.017,2.33,0.723,0.114
inha,NNscore2.0@GlideSP,1.0,4.71,43,2329,24,2.087,0.835,5.063,0.519,8.696,0.052,0.05,4.71,0.487,0.133
kif11,NNscore2.0@GlideSP,1.0,4.65,116,6837,69,5.444,0.832,4.963,0.519,7.889,0.048,0.047,4.65,0.765,0.137
cdk2,NNscore2.0@GlideSP,1.0,2.49,471,27755,278,11.747,0.719,2.556,0.508,4.226,0.02,0.019,2.49,0.644,0.071
akt1,NNscore2.0@GlideSP,1.0,5.05,292,16176,162,14.768,0.845,5.456,0.521,9.116,0.055,0.053,5.05,0.618,0.162
igf1r,NNscore2.0@GlideSP,1.0,0.0,147,9044,91,0.0,0.0,0.0,0.495,0.0,-0.013,-0.013,0.0,0.607,0.004
adrb2,NNscore2.0@GlideSP,1.0,2.4,231,14649,147,5.563,0.711,2.455,0.507,3.785,0.018,0.017,2.4,0.617,0.105
egfr,NNscore2.0@GlideSP,1.0,4.75,540,34875,349,25.668,0.835,5.048,0.519,7.355,0.047,0.046,4.75,0.635,0.145
hdac8,NNscore2.0@GlideSP,1.0,0.0,164,10481,105,0.0,0.0,0.0,0.495,0.0,-0.013,-0.012,0.0,0.419,0.001
fgfr1,NNscore2.0@GlideSP,1.0,0.0,129,435,5,0.0,0.0,0.0,0.492,0.0,-0.07,-0.023,0.0,0.673,0.055
braf,NNscore2.0@GlideSP,1.0,11.92,150,9887,99,17.904,0.935,14.331,0.556,18.084,0.136,0.133,11.92,0.776,0.282
src,NNscore2.0@GlideSP,1.0,4.78,519,34158,342,24.839,0.835,5.076,0.519,7.263,0.047,0.046,4.78,0.557,0.117
pparg,NNscore2.0@GlideSP,1.0,4.75,482,24949,250,22.942,0.837,5.129,0.519,9.177,0.053,0.05,4.75,0.643,0.226
ace,NNscore2.0@GlideSP,1.0,0.0,278,17051,171,0.0,0.0,0.0,0.495,0.0,-0.013,-0.013,0.0,0.552,0.031
lck,NNscore2.0@GlideSP,1.0,2.32,416,27305,274,9.685,0.703,2.368,0.507,3.535,0.017,0.016,2.32,0.661,0.077
ppara,NNscore(ODDT)@GlideSP,1.0,0.0,371,16295,163,0.0,0.0,0.0,0.495,0.0,-0.015,-0.014,0.0,0.497,0.007
hdac2,NNscore(ODDT)@GlideSP,1.0,0.0,180,10352,104,0.0,0.0,0.0,0.495,0.0,-0.013,-0.013,0.0,0.641,0.001
inha,NNscore(ODDT)@GlideSP,1.0,0.0,43,2329,24,0.0,0.0,0.0,0.495,0.0,-0.014,-0.013,0.0,0.382,0.0
kif11,NNscore(ODDT)@GlideSP,1.0,4.65,116,6837,69,5.444,0.832,4.963,0.519,7.889,0.048,0.047,4.65,0.856,0.161
cdk2,NNscore(ODDT)@GlideSP,1.0,0.0,471,27755,278,0.0,0.0,0.0,0.495,0.0,-0.013,-0.013,0.0,0.481,0.062
akt1,NNscore(ODDT)@GlideSP,1.0,0.0,292,16176,162,0.0,0.0,0.0,0.495,0.0,-0.014,-0.013,0.0,0.409,0.0
igf1r,NNscore(ODDT)@GlideSP,1.0,0.0,147,9044,91,0.0,0.0,0.0,0.495,0.0,-0.013,-0.013,0.0,0.543,0.01
adrb2,NNscore(ODDT)@GlideSP,1.0,2.4,231,14649,147,5.563,0.711,2.455,0.507,3.785,0.018,0.017,2.4,0.595,0.153
egfr,NNscore(ODDT)@GlideSP,1.0,2.38,540,34875,349,12.861,0.709,2.433,0.507,3.685,0.017,0.017,2.38,0.527,0.062
hdac8,NNscore(ODDT)@GlideSP,1.0,0.0,164,10481,105,0.0,0.0,0.0,0.495,0.0,-0.013,-0.012,0.0,0.435,0.003
fgfr1,NNscore(ODDT)@GlideSP,1.0,2.46,129,435,5,3.648,0.865,6.398,0.512,72.952,0.102,0.033,2.46,0.6,0.095
braf,NNscore(ODDT)@GlideSP,1.0,0.0,150,9887,99,0.0,0.0,0.0,0.495,0.0,-0.012,-0.012,0.0,0.57,0.023
src,NNscore(ODDT)@GlideSP,1.0,0.0,519,34158,342,0.0,0.0,0.0,0.495,0.0,-0.012,-0.012,0.0,0.444,0.0
pparg,NNscore(ODDT)@GlideSP,1.0,2.38,482,24949,250,11.495,0.71,2.447,0.507,4.598,0.019,0.018,2.38,0.533,0.099
ace,NNscore(ODDT)@GlideSP,1.0,7.13,278,17051,171,19.878,0.888,7.936,0.531,11.625,0.079,0.077,7.13,0.63,0.277
lck,NNscore(ODDT)@GlideSP,1.0,0.0,416,27305,274,0.0,0.0,0.0,0.495,0.0,-0.013,-0.012,0.0,0.434,0.007
ppara,RF-Scorev1(ODDT)@GlideSP,1.0,7.49,371,16295,163,27.796,0.898,8.824,0.533,17.053,0.1,0.091,7.49,0.639,0.21
hdac2,RF-Scorev1(ODDT)@GlideSP,1.0,2.33,180,10352,104,4.213,0.705,2.386,0.507,4.051,0.018,0.017,2.33,0.654,0.047
inha,RF-Scorev1(ODDT)@GlideSP,1.0,0.0,43,2329,24,0.0,0.0,0.0,0.495,0.0,-0.014,-0.013,0.0,0.371,0.003
kif11,RF-Scorev1(ODDT)@GlideSP,1.0,6.98,116,6837,69,8.171,0.886,7.783,0.531,11.843,0.079,0.077,6.98,0.573,0.193
cdk2,RF-Scorev1(ODDT)@GlideSP,1.0,0.0,471,27755,278,0.0,0.0,0.0,0.495,0.0,-0.013,-0.013,0.0,0.587,0.023
akt1,RF-Scorev1(ODDT)@GlideSP,1.0,0.0,292,16176,162,0.0,0.0,0.0,0.495,0.0,-0.014,-0.013,0.0,0.567,0.019
igf1r,RF-Scorev1(ODDT)@GlideSP,1.0,0.0,147,9044,91,0.0,0.0,0.0,0.495,0.0,-0.013,-0.013,0.0,0.667,0.008
adrb2,RF-Scorev1(ODDT)@GlideSP,1.0,0.0,231,14649,147,0.0,0.0,0.0,0.495,0.0,-0.013,-0.012,0.0,0.486,0.028
egfr,RF-Scorev1(ODDT)@GlideSP,1.0,2.38,540,34875,349,12.861,0.709,2.433,0.507,3.685,0.017,0.017,2.38,0.56,0.044
hdac8,RF-Scorev1(ODDT)@GlideSP,1.0,0.0,164,10481,105,0.0,0.0,0.0,0.495,0.0,-0.013,-0.012,0.0,0.381,0.03
fgfr1,RF-Scorev1(ODDT)@GlideSP,1.0,0.0,129,435,5,0.0,0.0,0.0,0.492,0.0,-0.07,-0.023,0.0,0.596,0.001
braf,RF-Scorev1(ODDT)@GlideSP,1.0,0.0,150,9887,99,0.0,0.0,0.0,0.495,0.0,-0.012,-0.012,0.0,0.559,0.001
src,RF-Scorev1(ODDT)@GlideSP,1.0,0.0,519,34158,342,0.0,0.0,0.0,0.495,0.0,-0.012,-0.012,0.0,0.571,0.022
pparg,RF-Scorev1(ODDT)@GlideSP,1.0,4.75,482,24949,250,22.942,0.837,5.129,0.519,9.177,0.053,0.05,4.75,0.65,0.148
ace,RF-Scorev1(ODDT)@GlideSP,1.0,2.38,278,17051,171,6.635,0.709,2.436,0.507,3.88,0.018,0.017,2.38,0.527,0.154
lck,RF-Scorev1(ODDT)@GlideSP,1.0,0.0,416,27305,274,0.0,0.0,0.0,0.495,0.0,-0.013,-0.012,0.0,0.556,0.007
ppara,RF-Scorev2(ODDT)@GlideSP,1.0,4.99,371,16295,163,18.519,0.846,5.501,0.52,11.361,0.061,0.056,4.99,0.665,0.214
hdac2,RF-Scorev2(ODDT)@GlideSP,1.0,2.33,180,10352,104,4.213,0.705,2.386,0.507,4.051,0.018,0.017,2.33,0.628,0.071
inha,RF-Scorev2(ODDT)@GlideSP,1.0,0.0,43,2329,24,0.0,0.0,0.0,0.495,0.0,-0.014,-0.013,0.0,0.371,0.012
kif11,RF-Scorev2(ODDT)@GlideSP,1.0,4.65,116,6837,69,5.444,0.832,4.963,0.519,7.889,0.048,0.047,4.65,0.633,0.175
cdk2,RF-Scorev2(ODDT)@GlideSP,1.0,2.49,471,27755,278,11.747,0.719,2.556,0.508,4.226,0.02,0.019,2.49,0.64,0.08
akt1,RF-Scorev2(ODDT)@GlideSP,1.0,0.0,292,16176,162,0.0,0.0,0.0,0.495,0.0,-0.014,-0.013,0.0,0.608,0.023
igf1r,RF-Scorev2(ODDT)@GlideSP,1.0,2.48,147,9044,91,3.668,0.718,2.542,0.508,4.031,0.019,0.019,2.48,0.774,0.113
adrb2,RF-Scorev2(ODDT)@GlideSP,1.0,2.4,231,14649,147,5.563,0.711,2.455,0.507,3.785,0.018,0.017,2.4,0.544,0.095
egfr,RF-Scorev2(ODDT)@GlideSP,1.0,4.75,540,34875,349,25.668,0.835,5.048,0.519,7.355,0.047,0.046,4.75,0.625,0.112
hdac8,RF-Scorev2(ODDT)@GlideSP,1.0,0.0,164,10481,105,0.0,0.0,0.0,0.495,0.0,-0.013,-0.012,0.0,0.332,0.0
fgfr1,RF-Scorev2(ODDT)@GlideSP,1.0,0.0,129,435,5,0.0,0.0,0.0,0.492,0.0,-0.07,-0.023,0.0,0.71,0.069
braf,RF-Scorev2(ODDT)@GlideSP,1.0,0.0,150,9887,99,0.0,0.0,0.0,0.495,0.0,-0.012,-0.012,0.0,0.595,0.013
src,RF-Scorev2(ODDT)@GlideSP,1.0,0.0,519,34158,342,0.0,0.0,0.0,0.495,0.0,-0.012,-0.012,0.0,0.575,0.061
pparg,RF-Scorev2(ODDT)@GlideSP,1.0,9.5,482,24949,250,45.884,0.919,11.411,0.543,18.353,0.12,0.114,9.5,0.661,0.263
ace,RF-Scorev2(ODDT)@GlideSP,1.0,4.75,278,17051,171,13.243,0.835,5.065,0.519,7.744,0.049,0.047,4.75,0.54,0.138
lck,RF-Scorev2(ODDT)@GlideSP,1.0,0.0,416,27305,274,0.0,0.0,0.0,0.495,0.0,-0.013,-0.012,0.0,0.659,0.004
ppara,RF-Scorev3(ODDT)@GlideSP,1.0,4.99,371,16295,163,18.519,0.846,5.501,0.52,11.361,0.061,0.056,4.99,0.642,0.154
hdac2,RF-Scorev3(ODDT)@GlideSP,1.0,4.67,180,10352,104,8.445,0.833,4.994,0.519,8.12,0.049,0.047,4.67,0.625,0.157
inha,RF-Scorev3(ODDT)@GlideSP,1.0,2.36,43,2329,24,1.046,0.708,2.422,0.507,4.357,0.019,0.018,2.36,0.414,0.091
kif11,RF-Scorev3(ODDT)@GlideSP,1.0,11.63,116,6837,69,13.615,0.934,14.243,0.555,19.732,0.141,0.136,11.63,0.679,0.264
cdk2,RF-Scorev3(ODDT)@GlideSP,1.0,2.49,471,27755,278,11.747,0.719,2.556,0.508,4.226,0.02,0.019,2.49,0.629,0.101
akt1,RF-Scorev3(ODDT)@GlideSP,1.0,2.53,292,16176,162,7.399,0.722,2.603,0.508,4.567,0.021,0.02,2.53,0.639,0.096
igf1r,RF-Scorev3(ODDT)@GlideSP,1.0,2.48,147,9044,91,3.668,0.718,2.542,0.508,4.031,0.019,0.019,2.48,0.749,0.08
adrb2,RF-Scorev3(ODDT)@GlideSP,1.0,9.59,231,14649,147,22.23,0.917,11.12,0.544,15.122,0.109,0.107,9.59,0.552,0.229
egfr,RF-Scorev3(ODDT)@GlideSP,1.0,4.75,540,34875,349,25.668,0.835,5.048,0.519,7.355,0.047,0.046,4.75,0.603,0.112
hdac8,RF-Scorev3(ODDT)@GlideSP,1.0,0.0,164,10481,105,0.0,0.0,0.0,0.495,0.0,-0.013,-0.012,0.0,0.313,0.0
fgfr1,RF-Scorev3(ODDT)@GlideSP,1.0,0.0,129,435,5,0.0,0.0,0.0,0.492,0.0,-0.07,-0.023,0.0,0.664,0.029
braf,RF-Scorev3(ODDT)@GlideSP,1.0,2.38,150,9887,99,3.575,0.709,2.432,0.507,3.611,0.017,0.017,2.38,0.517,0.06
src,RF-Scorev3(ODDT)@GlideSP,1.0,0.0,519,34158,342,0.0,0.0,0.0,0.495,0.0,-0.012,-0.012,0.0,0.555,0.002
pparg,RF-Scorev3(ODDT)@GlideSP,1.0,7.13,482,24949,250,34.437,0.89,8.109,0.531,13.775,0.087,0.082,7.13,0.67,0.209
ace,RF-Scorev3(ODDT)@GlideSP,1.0,7.13,278,17051,171,19.878,0.888,7.936,0.531,11.625,0.079,0.077,7.13,0.579,0.171
lck,RF-Scorev3(ODDT)@GlideSP,1.0,0.0,416,27305,274,0.0,0.0,0.0,0.495,0.0,-0.013,-0.012,0.0,0.593,0.039
ppara,PLECRF(ODDT)@GlideSP,1.0,2.5,371,16295,163,9.278,0.721,2.591,0.508,5.692,0.023,0.021,2.5,0.723,0.063
hdac2,PLECRF(ODDT)@GlideSP,1.0,2.33,180,10352,104,4.213,0.705,2.386,0.507,4.051,0.018,0.017,2.33,0.647,0.098
inha,PLECRF(ODDT)@GlideSP,1.0,0.0,43,2329,24,0.0,0.0,0.0,0.495,0.0,-0.014,-0.013,0.0,0.578,0.041
kif11,PLECRF(ODDT)@GlideSP,1.0,23.25,116,6837,69,27.219,0.974,37.745,0.614,39.447,0.295,0.285,23.25,0.669,0.595
cdk2,PLECRF(ODDT)@GlideSP,1.0,4.98,471,27755,278,23.494,0.842,5.347,0.52,8.451,0.053,0.051,4.98,0.632,0.234
akt1,PLECRF(ODDT)@GlideSP,1.0,2.53,292,16176,162,7.399,0.722,2.603,0.508,4.567,0.021,0.02,2.53,0.543,0.092
igf1r,PLECRF(ODDT)@GlideSP,1.0,4.97,147,9044,91,7.351,0.842,5.319,0.52,8.078,0.051,0.05,4.97,0.678,0.175
adrb2,PLECRF(ODDT)@GlideSP,1.0,0.0,231,14649,147,0.0,0.0,0.0,0.495,0.0,-0.013,-0.012,0.0,0.598,0.045
egfr,PLECRF(ODDT)@GlideSP,1.0,9.51,540,34875,349,51.391,0.917,10.979,0.543,14.725,0.107,0.105,9.51,0.637,0.261
hdac8,PLECRF(ODDT)@GlideSP,1.0,0.0,164,10481,105,0.0,0.0,0.0,0.495,0.0,-0.013,-0.012,0.0,0.346,0.001
fgfr1,PLECRF(ODDT)@GlideSP,1.0,7.37,129,435,5,10.928,1.296,-4.373,0.552,218.559,0.446,0.144,7.37,0.7,0.236
braf,PLECRF(ODDT)@GlideSP,1.0,11.92,150,9887,99,17.904,0.935,14.331,0.556,18.084,0.136,0.133,11.92,0.677,0.287
src,PLECRF(ODDT)@GlideSP,1.0,7.17,519,34158,342,37.258,0.888,7.924,0.531,10.894,0.077,0.075,7.17,0.602,0.258
pparg,PLECRF(ODDT)@GlideSP,1.0,2.38,482,24949,250,11.495,0.71,2.447,0.507,4.598,0.019,0.018,2.38,0.573,0.102
ace,PLECRF(ODDT)@GlideSP,1.0,0.0,278,17051,171,0.0,0.0,0.0,0.495,0.0,-0.013,-0.013,0.0,0.513,0.003
lck,PLECRF(ODDT)@GlideSP,1.0,20.84,416,27305,274,86.996,0.968,30.07,0.601,31.75,0.248,0.243,20.84,0.823,0.583
ace,IGN(avg)@IGN,0.5,30.88,278,17051,86,43.298,0.984,61.177,0.577,50.347,0.274,0.232,30.88,0.998,1.05
ace,IGN(avg)@IGN,1.0,30.88,278,17051,171,86.093,0.984,61.177,0.652,50.347,0.387,0.376,30.88,0.998,1.05
ace,IGN(avg)@IGN,5.0,19.42,278,17051,853,270.08,0.965,27.954,0.968,97.151,0.544,0.464,19.42,0.998,1.05
adrb2,IGN(avg)@IGN,0.5,27.18,231,14649,74,31.716,0.979,46.817,0.567,42.86,0.236,0.202,27.18,0.995,0.998
adrb2,IGN(avg)@IGN,1.0,26.38,231,14649,147,61.15,0.978,44.458,0.629,41.599,0.323,0.315,26.38,0.995,0.998
adrb2,IGN(avg)@IGN,5.0,18.85,231,14649,733,217.881,0.964,26.4,0.954,94.321,0.519,0.439,18.85,0.995,0.998
akt1,IGN(avg)@IGN,0.5,16.84,292,16176,81,24.623,0.96,23.758,0.54,30.399,0.152,0.125,16.84,0.98,0.626
akt1,IGN(avg)@IGN,1.0,17.68,292,16176,162,51.702,0.962,25.499,0.585,31.915,0.227,0.218,17.68,0.98,0.626
akt1,IGN(avg)@IGN,5.0,14.82,292,16176,809,216.426,0.952,19.867,0.852,74.118,0.43,0.377,14.82,0.98,0.626
braf,IGN(avg)@IGN,0.5,25.1,150,9887,50,19.04,0.976,39.921,0.562,38.08,0.213,0.184,25.1,0.991,0.833
braf,IGN(avg)@IGN,1.0,24.64,150,9887,99,37.009,0.975,38.753,0.62,37.382,0.295,0.289,24.64,0.991,0.833
braf,IGN(avg)@IGN,5.0,18.13,150,9887,495,136.154,0.961,24.629,0.935,90.769,0.488,0.408,18.13,0.991,0.833
cdk2,IGN(avg)@IGN,0.5,26.58,471,27755,139,62.697,0.979,47.599,0.565,45.106,0.238,0.199,26.58,0.983,0.88
cdk2,IGN(avg)@IGN,1.0,24.92,471,27755,278,117.564,0.977,42.448,0.622,42.289,0.316,0.305,24.92,0.983,0.88
cdk2,IGN(avg)@IGN,5.0,16.28,471,27755,1388,383.463,0.957,22.113,0.889,81.415,0.461,0.397,16.28,0.983,0.88
egfr,IGN(avg)@IGN,0.5,14.71,540,34875,175,39.859,0.949,18.754,0.535,22.777,0.122,0.105,14.71,0.97,0.717
egfr,IGN(avg)@IGN,1.0,20.6,540,34875,349,111.32,0.968,29.78,0.6,31.897,0.247,0.241,20.6,0.97,0.717
egfr,IGN(avg)@IGN,5.0,17.05,540,34875,1744,460.416,0.958,22.807,0.908,85.262,0.462,0.389,17.05,0.97,0.717
fgfr1,IGN(avg)@IGN,0.5,19.48,129,435,3,17.33,1.535,-2.869,0.591,577.683,1.0,0.253,19.48,0.991,0.792
fgfr1,IGN(avg)@IGN,1.0,20.43,129,435,5,30.293,1.543,-2.841,0.659,605.855,1.36,0.44,20.43,0.991,0.792
fgfr1,IGN(avg)@IGN,5.0,17.81,129,435,22,116.195,1.519,-2.926,1.104,528.159,2.519,1.59,17.81,0.991,0.792
hdac2,IGN(avg)@IGN,0.5,28.9,180,10352,52,26.131,0.983,57.082,0.571,50.251,0.264,0.219,28.9,0.994,0.993
hdac2,IGN(avg)@IGN,1.0,28.79,180,10352,104,52.062,0.983,56.647,0.642,50.06,0.372,0.358,28.79,0.994,0.993
hdac2,IGN(avg)@IGN,5.0,18.57,180,10352,518,167.259,0.964,26.949,0.947,92.922,0.536,0.465,18.57,0.994,0.993
hdac8,IGN(avg)@IGN,0.5,26.44,164,10481,53,21.927,0.978,44.392,0.565,41.372,0.229,0.196,26.44,0.99,0.914
hdac8,IGN(avg)@IGN,1.0,27.69,164,10481,105,45.494,0.98,48.095,0.636,43.328,0.339,0.33,27.69,0.99,0.914
hdac8,IGN(avg)@IGN,5.0,18.74,164,10481,525,153.947,0.963,26.1,0.951,93.87,0.514,0.433,18.74,0.99,0.914
igf1r,IGN(avg)@IGN,0.5,26.48,147,9044,46,19.799,0.979,45.733,0.566,43.04,0.234,0.199,26.48,0.985,0.768
igf1r,IGN(avg)@IGN,1.0,21.52,147,9044,91,31.83,0.97,32.559,0.605,34.978,0.266,0.258,21.52,0.985,0.768
igf1r,IGN(avg)@IGN,5.0,16.16,147,9044,453,118.986,0.956,21.56,0.886,80.943,0.447,0.381,16.16,0.985,0.768
inha,IGN(avg)@IGN,0.5,10.21,43,2329,12,2.262,0.925,12.349,0.524,18.851,0.091,0.075,10.21,0.744,0.278
inha,IGN(avg)@IGN,1.0,7.85,43,2329,24,3.478,0.9,9.011,0.536,14.493,0.096,0.092,7.85,0.744,0.278
inha,IGN(avg)@IGN,5.0,6.42,43,2329,117,13.868,0.877,7.149,0.639,32.252,0.171,0.15,6.42,0.744,0.278
kif11,IGN(avg)@IGN,0.5,23.03,116,6837,35,13.676,0.974,37.159,0.557,39.074,0.208,0.175,23.03,0.973,0.823
kif11,IGN(avg)@IGN,1.0,24.8,116,6837,69,29.033,0.977,42.089,0.622,42.077,0.316,0.305,24.8,0.973,0.823
kif11,IGN(avg)@IGN,5.0,15.2,116,6837,342,88.199,0.953,20.135,0.861,76.033,0.428,0.369,15.2,0.973,0.823
lck,IGN(avg)@IGN,0.5,30.08,416,27305,137,62.784,0.982,54.681,0.574,45.828,0.257,0.221,30.08,0.993,1.013
lck,IGN(avg)@IGN,1.0,30.08,416,27305,274,125.568,0.982,54.681,0.648,45.828,0.364,0.356,30.08,0.993,1.013
lck,IGN(avg)@IGN,5.0,18.41,416,27305,1366,383.138,0.962,25.197,0.942,92.101,0.497,0.416,18.41,0.993,1.013
ppara,IGN(avg)@IGN,0.5,29.95,371,16295,82,55.915,0.989,92.007,0.575,68.189,0.314,0.241,29.95,0.98,1.061
ppara,IGN(avg)@IGN,1.0,29.95,371,16295,163,111.149,0.989,92.007,0.648,68.189,0.444,0.408,29.95,0.98,1.061
ppara,IGN(avg)@IGN,5.0,19.09,371,16295,815,354.228,0.971,32.997,0.963,95.479,0.634,0.584,19.09,0.98,1.061
pparg,IGN(avg)@IGN,0.5,28.5,482,24949,125,68.825,0.984,62.193,0.57,55.06,0.274,0.221,28.5,0.989,1.022
pparg,IGN(avg)@IGN,1.0,28.5,482,24949,250,137.651,0.984,62.193,0.64,55.06,0.388,0.368,28.5,0.989,1.022
pparg,IGN(avg)@IGN,5.0,17.83,482,24949,1248,429.892,0.964,26.674,0.929,89.189,0.542,0.483,17.83,0.989,1.022
src,IGN(avg)@IGN,0.5,29.57,519,34158,171,76.829,0.981,52.878,0.573,44.929,0.252,0.217,29.57,0.976,0.915
src,IGN(avg)@IGN,1.0,27.87,519,34158,342,144.823,0.979,47.606,0.637,42.346,0.336,0.328,27.87,0.976,0.915
src,IGN(avg)@IGN,5.0,17.14,519,34158,1708,444.809,0.958,22.823,0.91,85.705,0.46,0.385,17.14,0.976,0.915
ace,GenScore(ft_0.5),0.5,30.9,278,17051,86,43.326,0.984,61.257,0.577,50.379,0.274,0.232,30.9,0.833,0.887
ace,GenScore(ft_0.5),1.0,30.9,278,17051,171,86.149,0.984,61.257,0.652,50.379,0.387,0.376,30.9,0.833,0.887
ace,GenScore(ft_0.5),5.0,11.96,278,17051,853,166.332,0.936,14.615,0.779,59.832,0.324,0.276,11.96,0.833,0.887
adrb2,GenScore(ft_0.5),0.5,9.47,231,14649,74,11.051,0.916,10.957,0.522,14.933,0.076,0.065,9.47,0.699,0.159
adrb2,GenScore(ft_0.5),1.0,4.74,231,14649,147,10.988,0.834,5.042,0.519,7.475,0.048,0.046,4.74,0.699,0.159
adrb2,GenScore(ft_0.5),5.0,2.49,231,14649,733,28.781,0.718,2.551,0.538,12.459,0.043,0.037,2.49,0.699,0.159
akt1,GenScore(ft_0.5),0.5,20.15,292,16176,81,29.463,0.969,31.098,0.549,36.374,0.184,0.151,20.15,0.725,0.436
akt1,GenScore(ft_0.5),1.0,15.12,292,16176,162,44.216,0.953,20.421,0.572,27.294,0.193,0.184,15.12,0.725,0.436
akt1,GenScore(ft_0.5),5.0,8.2,292,16176,809,119.75,0.904,9.451,0.683,41.01,0.224,0.196,8.2,0.725,0.436
braf,GenScore(ft_0.5),0.5,4.42,150,9887,50,3.353,0.824,4.666,0.509,6.706,0.03,0.026,4.42,0.874,0.243
braf,GenScore(ft_0.5),1.0,7.14,150,9887,99,10.724,0.887,7.886,0.531,10.832,0.077,0.075,7.14,0.874,0.243
braf,GenScore(ft_0.5),5.0,7.6,150,9887,495,57.075,0.894,8.46,0.668,38.05,0.188,0.157,7.6,0.874,0.243
cdk2,GenScore(ft_0.5),0.5,25.62,471,27755,139,60.433,0.978,44.557,0.563,43.477,0.229,0.192,25.62,0.842,0.667
cdk2,GenScore(ft_0.5),1.0,23.06,471,27755,278,108.789,0.974,37.243,0.612,39.133,0.292,0.281,23.06,0.842,0.667
cdk2,GenScore(ft_0.5),5.0,9.74,471,27755,1388,229.418,0.92,11.471,0.722,48.709,0.263,0.227,9.74,0.842,0.667
egfr,GenScore(ft_0.5),0.5,26.46,540,34875,175,71.698,0.978,44.131,0.565,40.97,0.227,0.194,26.46,0.833,0.63
egfr,GenScore(ft_0.5),1.0,23.75,540,34875,349,128.342,0.974,36.982,0.616,36.774,0.287,0.28,23.75,0.833,0.63
egfr,GenScore(ft_0.5),5.0,9.11,540,34875,1744,246.005,0.913,10.442,0.706,45.557,0.233,0.196,9.11,0.833,0.63
fgfr1,GenScore(ft_0.5),0.5,30.33,129,435,3,26.983,1.599,-2.669,0.644,899.441,1.587,0.401,30.33,0.881,0.796
fgfr1,GenScore(ft_0.5),1.0,30.33,129,435,5,44.972,1.599,-2.669,0.74,899.441,2.054,0.664,30.33,0.881,0.796
fgfr1,GenScore(ft_0.5),5.0,10.11,129,435,22,65.959,1.391,-3.559,0.827,299.814,1.365,0.862,10.11,0.881,0.796
hdac2,GenScore(ft_0.5),0.5,17.23,180,10352,52,15.579,0.96,24.172,0.541,29.959,0.153,0.128,17.23,0.704,0.265
hdac2,GenScore(ft_0.5),1.0,9.28,180,10352,104,16.781,0.916,10.873,0.542,16.136,0.111,0.107,9.28,0.704,0.265
hdac2,GenScore(ft_0.5),5.0,1.98,180,10352,518,17.834,0.668,2.015,0.525,9.908,0.03,0.026,1.98,0.704,0.265
hdac8,GenScore(ft_0.5),0.5,0.0,164,10481,53,0.0,0.0,0.0,0.497,0.0,-0.009,-0.008,0.0,0.377,0.0
hdac8,GenScore(ft_0.5),1.0,0.0,164,10481,105,0.0,0.0,0.0,0.495,0.0,-0.013,-0.012,0.0,0.377,0.0
hdac8,GenScore(ft_0.5),5.0,0.0,164,10481,525,0.0,0.0,0.0,0.475,0.0,-0.029,-0.024,0.0,0.377,0.0
igf1r,GenScore(ft_0.5),0.5,20.21,147,9044,46,15.111,0.967,29.607,0.55,32.849,0.177,0.15,20.21,0.525,0.311
igf1r,GenScore(ft_0.5),1.0,10.11,147,9044,91,14.954,0.922,11.901,0.547,16.433,0.118,0.115,10.11,0.525,0.311
igf1r,GenScore(ft_0.5),5.0,4.18,147,9044,453,30.777,0.815,4.412,0.581,20.937,0.094,0.08,4.18,0.525,0.311
inha,GenScore(ft_0.5),0.5,8.76,43,2329,12,1.941,0.911,10.257,0.52,16.173,0.077,0.063,8.76,0.481,0.156
inha,GenScore(ft_0.5),1.0,4.72,43,2329,24,2.091,0.835,5.075,0.52,8.714,0.052,0.05,4.72,0.481,0.156
inha,GenScore(ft_0.5),5.0,1.98,43,2329,117,4.277,0.669,2.017,0.525,9.947,0.031,0.027,1.98,0.481,0.156
kif11,GenScore(ft_0.5),0.5,4.35,116,6837,35,2.583,0.822,4.617,0.509,7.38,0.032,0.027,4.35,0.911,0.259
kif11,GenScore(ft_0.5),1.0,7.03,116,6837,69,8.23,0.887,7.847,0.531,11.927,0.08,0.077,7.03,0.911,0.259
kif11,GenScore(ft_0.5),5.0,5.49,116,6837,342,31.856,0.856,5.951,0.614,27.462,0.135,0.117,5.49,0.911,0.259
lck,GenScore(ft_0.5),0.5,30.77,416,27305,137,64.224,0.983,57.042,0.576,46.879,0.263,0.226,30.77,0.791,0.831
lck,GenScore(ft_0.5),1.0,28.21,416,27305,274,117.762,0.98,48.719,0.639,42.979,0.341,0.333,28.21,0.791,0.831
lck,GenScore(ft_0.5),5.0,11.79,416,27305,1366,245.367,0.934,14.153,0.774,58.982,0.308,0.258,11.79,0.791,0.831
ppara,GenScore(ft_0.5),0.5,28.97,371,16295,82,54.086,0.988,83.163,0.572,65.958,0.304,0.232,28.97,0.717,0.675
ppara,GenScore(ft_0.5),1.0,24.15,371,16295,163,89.624,0.981,52.426,0.618,54.984,0.355,0.326,24.15,0.717,0.675
ppara,GenScore(ft_0.5),5.0,8.13,371,16295,815,150.858,0.907,9.75,0.682,40.662,0.25,0.23,8.13,0.717,0.675
pparg,GenScore(ft_0.5),0.5,4.72,482,24949,125,11.398,0.836,5.093,0.51,9.119,0.037,0.03,4.72,0.713,0.139
pparg,GenScore(ft_0.5),1.0,4.72,482,24949,250,22.797,0.836,5.093,0.519,9.119,0.053,0.05,4.72,0.713,0.139
pparg,GenScore(ft_0.5),5.0,1.99,482,24949,1248,47.98,0.67,2.03,0.525,9.954,0.032,0.028,1.99,0.713,0.139
src,GenScore(ft_0.5),0.5,8.89,519,34158,171,23.098,0.91,10.122,0.52,13.508,0.07,0.06,8.89,0.583,0.199
src,GenScore(ft_0.5),1.0,7.18,519,34158,342,37.31,0.888,7.937,0.531,10.909,0.077,0.076,7.18,0.583,0.199
src,GenScore(ft_0.5),5.0,4.08,519,34158,1708,105.882,0.811,4.284,0.578,20.401,0.088,0.073,4.08,0.583,0.199
